Diagnosis,LogsheetType,LogsheetTab,Column,Row,Value,ExtendedDiagnosis,FilePath,DataType,Requirement
source_mat_id error,water,sampling,source_mat_id,1,EMOBON_BPNS_Wa_210701_3um_1,source_mat_id should match ^EMOBON_BPNS_Wa_210701_200um_1$,/github/workspace/logsheets/filtered/water_sampling.csv,XSDString,mandatory
source_mat_id error,water,sampling,source_mat_id,2,EMOBON_BPNS_Wa_210701_3um_2,source_mat_id should match ^EMOBON_BPNS_Wa_210701_200um_2$,/github/workspace/logsheets/filtered/water_sampling.csv,XSDString,mandatory
source_mat_id error,water,sampling,source_mat_id,3,EMOBON_BPNS_Wa_210701_3um_3,source_mat_id should match ^EMOBON_BPNS_Wa_210701_200um_3$,/github/workspace/logsheets/filtered/water_sampling.csv,XSDString,mandatory
source_mat_id error,water,sampling,source_mat_id,4,EMOBON_BPNS_Wa_210701_3um_4,source_mat_id should match ^EMOBON_BPNS_Wa_210701_200um_4$,/github/workspace/logsheets/filtered/water_sampling.csv,XSDString,mandatory
source_mat_id error,water,sampling,source_mat_id,5,EMOBON_BPNS_Wa_210701_3um_blank_1,source_mat_id should match ^EMOBON_BPNS_Wa_210701_200um_blank_1$,/github/workspace/logsheets/filtered/water_sampling.csv,XSDString,mandatory
source_mat_id error,water,sampling,source_mat_id,6,EMOBON_BPNS_Wa_210701_0.2um_2,source_mat_id should match ^EMOBON_BPNS_Wa_210701_3um_2$,/github/workspace/logsheets/filtered/water_sampling.csv,XSDString,mandatory
source_mat_id error,water,sampling,source_mat_id,7,EMOBON_BPNS_Wa_210701_0.2um_1,source_mat_id should match ^EMOBON_BPNS_Wa_210701_3um_1$,/github/workspace/logsheets/filtered/water_sampling.csv,XSDString,mandatory
source_mat_id error,water,sampling,source_mat_id,8,EMOBON_BPNS_Wa_210701_0.2um_3,source_mat_id should match ^EMOBON_BPNS_Wa_210701_3um_3$,/github/workspace/logsheets/filtered/water_sampling.csv,XSDString,mandatory
source_mat_id error,water,sampling,source_mat_id,9,EMOBON_BPNS_Wa_210701_0.2um_4,source_mat_id should match ^EMOBON_BPNS_Wa_210701_3um_4$,/github/workspace/logsheets/filtered/water_sampling.csv,XSDString,mandatory
source_mat_id error,water,sampling,source_mat_id,10,EMOBON_BPNS_Wa_210701_0.2um_blank_1,source_mat_id should match ^EMOBON_BPNS_Wa_210701_3um_blank_1$,/github/workspace/logsheets/filtered/water_sampling.csv,XSDString,mandatory
source_mat_id error,water,sampling,source_mat_id,11,EMOBON_BPNS_Wa_210701_20um_1,source_mat_id should match ^EMOBON_BPNS_Wa_210701_NAum_1$,/github/workspace/logsheets/filtered/water_sampling.csv,XSDString,mandatory
source_mat_id error,water,sampling,source_mat_id,12,EMOBON_BPNS_Wa_210701_20um_2,source_mat_id should match ^EMOBON_BPNS_Wa_210701_NAum_2$,/github/workspace/logsheets/filtered/water_sampling.csv,XSDString,mandatory
source_mat_id error,water,sampling,source_mat_id,13,EMOBON_BPNS_Wa_210701_20um_3,source_mat_id should match ^EMOBON_BPNS_Wa_210701_NAum_3$,/github/workspace/logsheets/filtered/water_sampling.csv,XSDString,mandatory
source_mat_id error,water,sampling,source_mat_id,14,EMOBON_BPNS_Wa_210701_20um_4,source_mat_id should match ^EMOBON_BPNS_Wa_210701_NAum_4$,/github/workspace/logsheets/filtered/water_sampling.csv,XSDString,mandatory
source_mat_id error,water,sampling,source_mat_id,15,EMOBON_BPNS_Wa_210701_20um_blank_1,source_mat_id should match ^EMOBON_BPNS_Wa_210701_NAum_blank_1$,/github/workspace/logsheets/filtered/water_sampling.csv,XSDString,mandatory
source_mat_id error,water,sampling,source_mat_id,16,EMOBON_BPNS_Wa_210701_200um_1,source_mat_id should match ^EMOBON_BPNS_Wa_210701_NAum_1$,/github/workspace/logsheets/filtered/water_sampling.csv,XSDString,mandatory
source_mat_id error,water,sampling,source_mat_id,17,EMOBON_BPNS_Wa_210701_200um_2,source_mat_id should match ^EMOBON_BPNS_Wa_210701_NAum_2$,/github/workspace/logsheets/filtered/water_sampling.csv,XSDString,mandatory
source_mat_id error,water,sampling,source_mat_id,18,EMOBON_BPNS_Wa_210701_200um_3,source_mat_id should match ^EMOBON_BPNS_Wa_210701_NAum_3$,/github/workspace/logsheets/filtered/water_sampling.csv,XSDString,mandatory
source_mat_id error,water,sampling,source_mat_id,19,EMOBON_BPNS_Wa_210701_200um_4,source_mat_id should match ^EMOBON_BPNS_Wa_210701_NAum_4$,/github/workspace/logsheets/filtered/water_sampling.csv,XSDString,mandatory
source_mat_id error,water,sampling,source_mat_id,20,EMOBON_BPNS_Wa_210701_200um_blank_1,source_mat_id should match ^EMOBON_BPNS_Wa_210701_NAum_blank_1$,/github/workspace/logsheets/filtered/water_sampling.csv,XSDString,mandatory
source_mat_id error,water,sampling,source_mat_id,21,EMOBON_BPNS_Wa_210825_3um_1,source_mat_id should match ^EMOBON_BPNS_Wa_210825_200um_1$,/github/workspace/logsheets/filtered/water_sampling.csv,XSDString,mandatory
source_mat_id error,water,sampling,source_mat_id,22,EMOBON_BPNS_Wa_210825_3um_2,source_mat_id should match ^EMOBON_BPNS_Wa_210825_200um_2$,/github/workspace/logsheets/filtered/water_sampling.csv,XSDString,mandatory
source_mat_id error,water,sampling,source_mat_id,23,EMOBON_BPNS_Wa_210825_3um_3,source_mat_id should match ^EMOBON_BPNS_Wa_210825_200um_3$,/github/workspace/logsheets/filtered/water_sampling.csv,XSDString,mandatory
source_mat_id error,water,sampling,source_mat_id,24,EMOBON_BPNS_Wa_210825_3um_4,source_mat_id should match ^EMOBON_BPNS_Wa_210825_200um_4$,/github/workspace/logsheets/filtered/water_sampling.csv,XSDString,mandatory
source_mat_id error,water,sampling,source_mat_id,25,EMOBON_BPNS_Wa_210825_3um_blank_1,source_mat_id should match ^EMOBON_BPNS_Wa_210825_200um_blank_1$,/github/workspace/logsheets/filtered/water_sampling.csv,XSDString,mandatory
source_mat_id error,water,sampling,source_mat_id,26,EMOBON_BPNS_Wa_210825_0.2um_1,source_mat_id should match ^EMOBON_BPNS_Wa_210825_3um_1$,/github/workspace/logsheets/filtered/water_sampling.csv,XSDString,mandatory
source_mat_id error,water,sampling,source_mat_id,27,EMOBON_BPNS_Wa_210825_0.2um_2,source_mat_id should match ^EMOBON_BPNS_Wa_210825_3um_2$,/github/workspace/logsheets/filtered/water_sampling.csv,XSDString,mandatory
source_mat_id error,water,sampling,source_mat_id,28,EMOBON_BPNS_Wa_210825_0.2um_3,source_mat_id should match ^EMOBON_BPNS_Wa_210825_3um_3$,/github/workspace/logsheets/filtered/water_sampling.csv,XSDString,mandatory
source_mat_id error,water,sampling,source_mat_id,29,EMOBON_BPNS_Wa_210825_0.2um_4,source_mat_id should match ^EMOBON_BPNS_Wa_210825_3um_4$,/github/workspace/logsheets/filtered/water_sampling.csv,XSDString,mandatory
source_mat_id error,water,sampling,source_mat_id,30,EMOBON_BPNS_Wa_210825_0.2um_blank_1,source_mat_id should match ^EMOBON_BPNS_Wa_210825_3um_blank_1$,/github/workspace/logsheets/filtered/water_sampling.csv,XSDString,mandatory
source_mat_id error,water,sampling,source_mat_id,31,EMOBON_BPNS_Wa_210825_20um_1,source_mat_id should match ^EMOBON_BPNS_Wa_210825_NAum_1$,/github/workspace/logsheets/filtered/water_sampling.csv,XSDString,mandatory
source_mat_id error,water,sampling,source_mat_id,32,EMOBON_BPNS_Wa_210825_20um_2,source_mat_id should match ^EMOBON_BPNS_Wa_210825_NAum_2$,/github/workspace/logsheets/filtered/water_sampling.csv,XSDString,mandatory
source_mat_id error,water,sampling,source_mat_id,33,EMOBON_BPNS_Wa_210825_20um_3,source_mat_id should match ^EMOBON_BPNS_Wa_210825_NAum_3$,/github/workspace/logsheets/filtered/water_sampling.csv,XSDString,mandatory
source_mat_id error,water,sampling,source_mat_id,34,EMOBON_BPNS_Wa_210825_20um_4,source_mat_id should match ^EMOBON_BPNS_Wa_210825_NAum_4$,/github/workspace/logsheets/filtered/water_sampling.csv,XSDString,mandatory
source_mat_id error,water,sampling,source_mat_id,35,EMOBON_BPNS_Wa_210825_20um_blank_1,source_mat_id should match ^EMOBON_BPNS_Wa_210825_NAum_blank_1$,/github/workspace/logsheets/filtered/water_sampling.csv,XSDString,mandatory
source_mat_id error,water,sampling,source_mat_id,36,EMOBON_BPNS_Wa_210825_200um_1,source_mat_id should match ^EMOBON_BPNS_Wa_210825_NAum_1$,/github/workspace/logsheets/filtered/water_sampling.csv,XSDString,mandatory
source_mat_id error,water,sampling,source_mat_id,37,EMOBON_BPNS_Wa_210825_200um_2,source_mat_id should match ^EMOBON_BPNS_Wa_210825_NAum_2$,/github/workspace/logsheets/filtered/water_sampling.csv,XSDString,mandatory
source_mat_id error,water,sampling,source_mat_id,38,EMOBON_BPNS_Wa_210825_200um_3,source_mat_id should match ^EMOBON_BPNS_Wa_210825_NAum_3$,/github/workspace/logsheets/filtered/water_sampling.csv,XSDString,mandatory
source_mat_id error,water,sampling,source_mat_id,39,EMOBON_BPNS_Wa_210825_200um_4,source_mat_id should match ^EMOBON_BPNS_Wa_210825_NAum_4$,/github/workspace/logsheets/filtered/water_sampling.csv,XSDString,mandatory
source_mat_id error,water,sampling,source_mat_id,40,EMOBON_BPNS_Wa_210825_200um_blank_1,source_mat_id should match ^EMOBON_BPNS_Wa_210825_NAum_blank_1$,/github/workspace/logsheets/filtered/water_sampling.csv,XSDString,mandatory
source_mat_id error,water,sampling,source_mat_id,41,EMOBON_BPNS_Wa_211028_3um_1,source_mat_id should match ^EMOBON_BPNS_Wa_211028_200um_1$,/github/workspace/logsheets/filtered/water_sampling.csv,XSDString,mandatory
source_mat_id error,water,sampling,source_mat_id,42,EMOBON_BPNS_Wa_211028_3um_2,source_mat_id should match ^EMOBON_BPNS_Wa_211028_200um_2$,/github/workspace/logsheets/filtered/water_sampling.csv,XSDString,mandatory
source_mat_id error,water,sampling,source_mat_id,43,EMOBON_BPNS_Wa_211028_3um_3,source_mat_id should match ^EMOBON_BPNS_Wa_211028_200um_3$,/github/workspace/logsheets/filtered/water_sampling.csv,XSDString,mandatory
source_mat_id error,water,sampling,source_mat_id,44,EMOBON_BPNS_Wa_211028_3um_4,source_mat_id should match ^EMOBON_BPNS_Wa_211028_200um_4$,/github/workspace/logsheets/filtered/water_sampling.csv,XSDString,mandatory
source_mat_id error,water,sampling,source_mat_id,45,EMOBON_BPNS_Wa_211028_3um_blank_1,source_mat_id should match ^EMOBON_BPNS_Wa_211028_200um_blank_1$,/github/workspace/logsheets/filtered/water_sampling.csv,XSDString,mandatory
source_mat_id error,water,sampling,source_mat_id,46,EMOBON_BPNS_Wa_211028_0.2um_1,source_mat_id should match ^EMOBON_BPNS_Wa_211028_3um_1$,/github/workspace/logsheets/filtered/water_sampling.csv,XSDString,mandatory
source_mat_id error,water,sampling,source_mat_id,47,EMOBON_BPNS_Wa_211028_0.2um_2,source_mat_id should match ^EMOBON_BPNS_Wa_211028_3um_2$,/github/workspace/logsheets/filtered/water_sampling.csv,XSDString,mandatory
source_mat_id error,water,sampling,source_mat_id,48,EMOBON_BPNS_Wa_211028_0.2um_3,source_mat_id should match ^EMOBON_BPNS_Wa_211028_3um_3$,/github/workspace/logsheets/filtered/water_sampling.csv,XSDString,mandatory
source_mat_id error,water,sampling,source_mat_id,49,EMOBON_BPNS_Wa_211028_0.2um_4,source_mat_id should match ^EMOBON_BPNS_Wa_211028_3um_4$,/github/workspace/logsheets/filtered/water_sampling.csv,XSDString,mandatory
source_mat_id error,water,sampling,source_mat_id,50,EMOBON_BPNS_Wa_211028_0.2um_blank_1,source_mat_id should match ^EMOBON_BPNS_Wa_211028_3um_blank_1$,/github/workspace/logsheets/filtered/water_sampling.csv,XSDString,mandatory
source_mat_id error,water,sampling,source_mat_id,51,EMOBON_BPNS_Wa_211028_20um_1,source_mat_id should match ^EMOBON_BPNS_Wa_211028_NAum_1$,/github/workspace/logsheets/filtered/water_sampling.csv,XSDString,mandatory
source_mat_id error,water,sampling,source_mat_id,52,EMOBON_BPNS_Wa_211028_20um_2,source_mat_id should match ^EMOBON_BPNS_Wa_211028_NAum_2$,/github/workspace/logsheets/filtered/water_sampling.csv,XSDString,mandatory
source_mat_id error,water,sampling,source_mat_id,53,EMOBON_BPNS_Wa_211028_20um_3,source_mat_id should match ^EMOBON_BPNS_Wa_211028_NAum_3$,/github/workspace/logsheets/filtered/water_sampling.csv,XSDString,mandatory
source_mat_id error,water,sampling,source_mat_id,54,EMOBON_BPNS_Wa_211028_20um_4,source_mat_id should match ^EMOBON_BPNS_Wa_211028_NAum_4$,/github/workspace/logsheets/filtered/water_sampling.csv,XSDString,mandatory
source_mat_id error,water,sampling,source_mat_id,55,EMOBON_BPNS_Wa_211028_20um_blank_1,source_mat_id should match ^EMOBON_BPNS_Wa_211028_NAum_blank_1$,/github/workspace/logsheets/filtered/water_sampling.csv,XSDString,mandatory
source_mat_id error,water,sampling,source_mat_id,56,EMOBON_BPNS_Wa_211028_200um_1,source_mat_id should match ^EMOBON_BPNS_Wa_211028_NAum_1$,/github/workspace/logsheets/filtered/water_sampling.csv,XSDString,mandatory
source_mat_id error,water,sampling,source_mat_id,57,EMOBON_BPNS_Wa_211028_200um_2,source_mat_id should match ^EMOBON_BPNS_Wa_211028_NAum_2$,/github/workspace/logsheets/filtered/water_sampling.csv,XSDString,mandatory
source_mat_id error,water,sampling,source_mat_id,58,EMOBON_BPNS_Wa_211028_200um_3,source_mat_id should match ^EMOBON_BPNS_Wa_211028_NAum_3$,/github/workspace/logsheets/filtered/water_sampling.csv,XSDString,mandatory
source_mat_id error,water,sampling,source_mat_id,59,EMOBON_BPNS_Wa_211028_200um_4,source_mat_id should match ^EMOBON_BPNS_Wa_211028_NAum_4$,/github/workspace/logsheets/filtered/water_sampling.csv,XSDString,mandatory
source_mat_id error,water,sampling,source_mat_id,60,EMOBON_BPNS_Wa_211028_200um_blank_1,source_mat_id should match ^EMOBON_BPNS_Wa_211028_NAum_blank_1$,/github/workspace/logsheets/filtered/water_sampling.csv,XSDString,mandatory
source_mat_id error,water,sampling,source_mat_id,61,EMOBON_BPNS_Wa_211223_3um_1,source_mat_id should match ^EMOBON_BPNS_Wa_211223_200um_1$,/github/workspace/logsheets/filtered/water_sampling.csv,XSDString,mandatory
source_mat_id error,water,sampling,source_mat_id,62,EMOBON_BPNS_Wa_211223_3um_2,source_mat_id should match ^EMOBON_BPNS_Wa_211223_200um_2$,/github/workspace/logsheets/filtered/water_sampling.csv,XSDString,mandatory
source_mat_id error,water,sampling,source_mat_id,63,EMOBON_BPNS_Wa_211223_3um_3,source_mat_id should match ^EMOBON_BPNS_Wa_211223_200um_3$,/github/workspace/logsheets/filtered/water_sampling.csv,XSDString,mandatory
source_mat_id error,water,sampling,source_mat_id,64,EMOBON_BPNS_Wa_211223_3um_4,source_mat_id should match ^EMOBON_BPNS_Wa_211223_200um_4$,/github/workspace/logsheets/filtered/water_sampling.csv,XSDString,mandatory
source_mat_id error,water,sampling,source_mat_id,65,EMOBON_BPNS_Wa_211223_3um_blank_1,source_mat_id should match ^EMOBON_BPNS_Wa_211223_200um_blank_1$,/github/workspace/logsheets/filtered/water_sampling.csv,XSDString,mandatory
source_mat_id error,water,sampling,source_mat_id,66,EMOBON_BPNS_Wa_211223_0.2um_1,source_mat_id should match ^EMOBON_BPNS_Wa_211223_3um_1$,/github/workspace/logsheets/filtered/water_sampling.csv,XSDString,mandatory
source_mat_id error,water,sampling,source_mat_id,67,EMOBON_BPNS_Wa_211223_0.2um_2,source_mat_id should match ^EMOBON_BPNS_Wa_211223_3um_2$,/github/workspace/logsheets/filtered/water_sampling.csv,XSDString,mandatory
source_mat_id error,water,sampling,source_mat_id,68,EMOBON_BPNS_Wa_211223_0.2um_3,source_mat_id should match ^EMOBON_BPNS_Wa_211223_3um_3$,/github/workspace/logsheets/filtered/water_sampling.csv,XSDString,mandatory
source_mat_id error,water,sampling,source_mat_id,69,EMOBON_BPNS_Wa_211223_0.2um_4,source_mat_id should match ^EMOBON_BPNS_Wa_211223_3um_4$,/github/workspace/logsheets/filtered/water_sampling.csv,XSDString,mandatory
source_mat_id error,water,sampling,source_mat_id,70,EMOBON_BPNS_Wa_211223_0.2um_blank_1,source_mat_id should match ^EMOBON_BPNS_Wa_211223_3um_blank_1$,/github/workspace/logsheets/filtered/water_sampling.csv,XSDString,mandatory
source_mat_id error,water,sampling,source_mat_id,71,EMOBON_BPNS_Wa_211223_20um_1,source_mat_id should match ^EMOBON_BPNS_Wa_211223_NAum_1$,/github/workspace/logsheets/filtered/water_sampling.csv,XSDString,mandatory
source_mat_id error,water,sampling,source_mat_id,72,EMOBON_BPNS_Wa_211223_20um_2,source_mat_id should match ^EMOBON_BPNS_Wa_211223_NAum_2$,/github/workspace/logsheets/filtered/water_sampling.csv,XSDString,mandatory
source_mat_id error,water,sampling,source_mat_id,73,EMOBON_BPNS_Wa_211223_20um_3,source_mat_id should match ^EMOBON_BPNS_Wa_211223_NAum_3$,/github/workspace/logsheets/filtered/water_sampling.csv,XSDString,mandatory
source_mat_id error,water,sampling,source_mat_id,74,EMOBON_BPNS_Wa_211223_20um_4,source_mat_id should match ^EMOBON_BPNS_Wa_211223_NAum_4$,/github/workspace/logsheets/filtered/water_sampling.csv,XSDString,mandatory
source_mat_id error,water,sampling,source_mat_id,75,EMOBON_BPNS_Wa_211223_20um_blank_1,source_mat_id should match ^EMOBON_BPNS_Wa_211223_NAum_blank_1$,/github/workspace/logsheets/filtered/water_sampling.csv,XSDString,mandatory
source_mat_id error,water,sampling,source_mat_id,76,EMOBON_BPNS_Wa_211223_200um_1,source_mat_id should match ^EMOBON_BPNS_Wa_211223_NAum_1$,/github/workspace/logsheets/filtered/water_sampling.csv,XSDString,mandatory
source_mat_id error,water,sampling,source_mat_id,77,EMOBON_BPNS_Wa_211223_200um_2,source_mat_id should match ^EMOBON_BPNS_Wa_211223_NAum_2$,/github/workspace/logsheets/filtered/water_sampling.csv,XSDString,mandatory
source_mat_id error,water,sampling,source_mat_id,78,EMOBON_BPNS_Wa_211223_200um_3,source_mat_id should match ^EMOBON_BPNS_Wa_211223_NAum_3$,/github/workspace/logsheets/filtered/water_sampling.csv,XSDString,mandatory
source_mat_id error,water,sampling,source_mat_id,79,EMOBON_BPNS_Wa_211223_200um_4,source_mat_id should match ^EMOBON_BPNS_Wa_211223_NAum_4$,/github/workspace/logsheets/filtered/water_sampling.csv,XSDString,mandatory
source_mat_id error,water,sampling,source_mat_id,80,EMOBON_BPNS_Wa_211223_200um_blank_1,source_mat_id should match ^EMOBON_BPNS_Wa_211223_NAum_blank_1$,/github/workspace/logsheets/filtered/water_sampling.csv,XSDString,mandatory
source_mat_id error,water,sampling,source_mat_id,81,EMOBON_BPNS_Wa_220322_3um_1,source_mat_id should match ^EMOBON_BPNS_Wa_220322_200um_1$,/github/workspace/logsheets/filtered/water_sampling.csv,XSDString,mandatory
source_mat_id error,water,sampling,source_mat_id,82,EMOBON_BPNS_Wa_220322_3um_2,source_mat_id should match ^EMOBON_BPNS_Wa_220322_200um_2$,/github/workspace/logsheets/filtered/water_sampling.csv,XSDString,mandatory
source_mat_id error,water,sampling,source_mat_id,83,EMOBON_BPNS_Wa_220322_3um_3,source_mat_id should match ^EMOBON_BPNS_Wa_220322_200um_3$,/github/workspace/logsheets/filtered/water_sampling.csv,XSDString,mandatory
source_mat_id error,water,sampling,source_mat_id,84,EMOBON_BPNS_Wa_220322_3um_4,source_mat_id should match ^EMOBON_BPNS_Wa_220322_200um_4$,/github/workspace/logsheets/filtered/water_sampling.csv,XSDString,mandatory
source_mat_id error,water,sampling,source_mat_id,85,EMOBON_BPNS_Wa_220322_3um_blank_1,source_mat_id should match ^EMOBON_BPNS_Wa_220322_200um_blank_1$,/github/workspace/logsheets/filtered/water_sampling.csv,XSDString,mandatory
source_mat_id error,water,sampling,source_mat_id,86,EMOBON_BPNS_Wa_220322_0.2um_1,source_mat_id should match ^EMOBON_BPNS_Wa_220322_3um_1$,/github/workspace/logsheets/filtered/water_sampling.csv,XSDString,mandatory
source_mat_id error,water,sampling,source_mat_id,87,EMOBON_BPNS_Wa_220322_0.2um_2,source_mat_id should match ^EMOBON_BPNS_Wa_220322_3um_2$,/github/workspace/logsheets/filtered/water_sampling.csv,XSDString,mandatory
source_mat_id error,water,sampling,source_mat_id,88,EMOBON_BPNS_Wa_220322_0.2um_3,source_mat_id should match ^EMOBON_BPNS_Wa_220322_3um_3$,/github/workspace/logsheets/filtered/water_sampling.csv,XSDString,mandatory
source_mat_id error,water,sampling,source_mat_id,89,EMOBON_BPNS_Wa_220322_0.2um_4,source_mat_id should match ^EMOBON_BPNS_Wa_220322_3um_4$,/github/workspace/logsheets/filtered/water_sampling.csv,XSDString,mandatory
source_mat_id error,water,sampling,source_mat_id,90,EMOBON_BPNS_Wa_220322_0.2um_blank_1,source_mat_id should match ^EMOBON_BPNS_Wa_220322_3um_blank_1$,/github/workspace/logsheets/filtered/water_sampling.csv,XSDString,mandatory
source_mat_id error,water,sampling,source_mat_id,91,EMOBON_BPNS_Wa_220322_20um_1,source_mat_id should match ^EMOBON_BPNS_Wa_220322_NAum_1$,/github/workspace/logsheets/filtered/water_sampling.csv,XSDString,mandatory
source_mat_id error,water,sampling,source_mat_id,92,EMOBON_BPNS_Wa_220322_20um_2,source_mat_id should match ^EMOBON_BPNS_Wa_220322_NAum_2$,/github/workspace/logsheets/filtered/water_sampling.csv,XSDString,mandatory
source_mat_id error,water,sampling,source_mat_id,93,EMOBON_BPNS_Wa_220322_20um_3,source_mat_id should match ^EMOBON_BPNS_Wa_220322_NAum_3$,/github/workspace/logsheets/filtered/water_sampling.csv,XSDString,mandatory
source_mat_id error,water,sampling,source_mat_id,94,EMOBON_BPNS_Wa_220322_20um_4,source_mat_id should match ^EMOBON_BPNS_Wa_220322_NAum_4$,/github/workspace/logsheets/filtered/water_sampling.csv,XSDString,mandatory
source_mat_id error,water,sampling,source_mat_id,95,EMOBON_BPNS_Wa_220322_20um_blank_1,source_mat_id should match ^EMOBON_BPNS_Wa_220322_NAum_blank_1$,/github/workspace/logsheets/filtered/water_sampling.csv,XSDString,mandatory
source_mat_id error,water,sampling,source_mat_id,96,EMOBON_BPNS_Wa_220322_200um_1,source_mat_id should match ^EMOBON_BPNS_Wa_220322_NAum_1$,/github/workspace/logsheets/filtered/water_sampling.csv,XSDString,mandatory
source_mat_id error,water,sampling,source_mat_id,97,EMOBON_BPNS_Wa_220322_200um_2,source_mat_id should match ^EMOBON_BPNS_Wa_220322_NAum_2$,/github/workspace/logsheets/filtered/water_sampling.csv,XSDString,mandatory
source_mat_id error,water,sampling,source_mat_id,98,EMOBON_BPNS_Wa_220322_200um_3,source_mat_id should match ^EMOBON_BPNS_Wa_220322_NAum_3$,/github/workspace/logsheets/filtered/water_sampling.csv,XSDString,mandatory
source_mat_id error,water,sampling,source_mat_id,99,EMOBON_BPNS_Wa_220322_200um_4,source_mat_id should match ^EMOBON_BPNS_Wa_220322_NAum_4$,/github/workspace/logsheets/filtered/water_sampling.csv,XSDString,mandatory
source_mat_id error,water,sampling,source_mat_id,100,EMOBON_BPNS_Wa_220322_200um_blank_1,source_mat_id should match ^EMOBON_BPNS_Wa_220322_NAum_blank_1$,/github/workspace/logsheets/filtered/water_sampling.csv,XSDString,mandatory
source_mat_id error,water,sampling,source_mat_id,101,EMOBON_BPNS_Wa_220420_3um_1,source_mat_id should match ^EMOBON_BPNS_Wa_220420_200um_1$,/github/workspace/logsheets/filtered/water_sampling.csv,XSDString,mandatory
source_mat_id error,water,sampling,source_mat_id,102,EMOBON_BPNS_Wa_220420_3um_2,source_mat_id should match ^EMOBON_BPNS_Wa_220420_200um_2$,/github/workspace/logsheets/filtered/water_sampling.csv,XSDString,mandatory
source_mat_id error,water,sampling,source_mat_id,103,EMOBON_BPNS_Wa_220420_3um_3,source_mat_id should match ^EMOBON_BPNS_Wa_220420_200um_3$,/github/workspace/logsheets/filtered/water_sampling.csv,XSDString,mandatory
source_mat_id error,water,sampling,source_mat_id,104,EMOBON_BPNS_Wa_220420_3um_4,source_mat_id should match ^EMOBON_BPNS_Wa_220420_200um_4$,/github/workspace/logsheets/filtered/water_sampling.csv,XSDString,mandatory
source_mat_id error,water,sampling,source_mat_id,105,EMOBON_BPNS_Wa_220420_3um_blank_1,source_mat_id should match ^EMOBON_BPNS_Wa_220420_200um_blank_1$,/github/workspace/logsheets/filtered/water_sampling.csv,XSDString,mandatory
source_mat_id error,water,sampling,source_mat_id,106,EMOBON_BPNS_Wa_220420_0.2um_1,source_mat_id should match ^EMOBON_BPNS_Wa_220420_3um_1$,/github/workspace/logsheets/filtered/water_sampling.csv,XSDString,mandatory
source_mat_id error,water,sampling,source_mat_id,107,EMOBON_BPNS_Wa_220420_0.2um_2,source_mat_id should match ^EMOBON_BPNS_Wa_220420_3um_2$,/github/workspace/logsheets/filtered/water_sampling.csv,XSDString,mandatory
source_mat_id error,water,sampling,source_mat_id,108,EMOBON_BPNS_Wa_220420_0.2um_3,source_mat_id should match ^EMOBON_BPNS_Wa_220420_3um_3$,/github/workspace/logsheets/filtered/water_sampling.csv,XSDString,mandatory
source_mat_id error,water,sampling,source_mat_id,109,EMOBON_BPNS_Wa_220420_0.2um_4,source_mat_id should match ^EMOBON_BPNS_Wa_220420_3um_4$,/github/workspace/logsheets/filtered/water_sampling.csv,XSDString,mandatory
source_mat_id error,water,sampling,source_mat_id,110,EMOBON_BPNS_Wa_220420_0.2um_blank_1,source_mat_id should match ^EMOBON_BPNS_Wa_220420_3um_blank_1$,/github/workspace/logsheets/filtered/water_sampling.csv,XSDString,mandatory
source_mat_id error,water,sampling,source_mat_id,111,EMOBON_BPNS_Wa_220420_20um_1,source_mat_id should match ^EMOBON_BPNS_Wa_220420_NAum_1$,/github/workspace/logsheets/filtered/water_sampling.csv,XSDString,mandatory
source_mat_id error,water,sampling,source_mat_id,112,EMOBON_BPNS_Wa_220420_20um_2,source_mat_id should match ^EMOBON_BPNS_Wa_220420_NAum_2$,/github/workspace/logsheets/filtered/water_sampling.csv,XSDString,mandatory
source_mat_id error,water,sampling,source_mat_id,113,EMOBON_BPNS_Wa_220420_20um_3,source_mat_id should match ^EMOBON_BPNS_Wa_220420_NAum_3$,/github/workspace/logsheets/filtered/water_sampling.csv,XSDString,mandatory
source_mat_id error,water,sampling,source_mat_id,114,EMOBON_BPNS_Wa_220420_20um_4,source_mat_id should match ^EMOBON_BPNS_Wa_220420_NAum_4$,/github/workspace/logsheets/filtered/water_sampling.csv,XSDString,mandatory
source_mat_id error,water,sampling,source_mat_id,115,EMOBON_BPNS_Wa_220420_20um_blank_1,source_mat_id should match ^EMOBON_BPNS_Wa_220420_NAum_blank_1$,/github/workspace/logsheets/filtered/water_sampling.csv,XSDString,mandatory
source_mat_id error,water,sampling,source_mat_id,116,EMOBON_BPNS_Wa_220420_200um_1,source_mat_id should match ^EMOBON_BPNS_Wa_220420_NAum_1$,/github/workspace/logsheets/filtered/water_sampling.csv,XSDString,mandatory
source_mat_id error,water,sampling,source_mat_id,117,EMOBON_BPNS_Wa_220420_200um_2,source_mat_id should match ^EMOBON_BPNS_Wa_220420_NAum_2$,/github/workspace/logsheets/filtered/water_sampling.csv,XSDString,mandatory
source_mat_id error,water,sampling,source_mat_id,118,EMOBON_BPNS_Wa_220420_200um_3,source_mat_id should match ^EMOBON_BPNS_Wa_220420_NAum_3$,/github/workspace/logsheets/filtered/water_sampling.csv,XSDString,mandatory
source_mat_id error,water,sampling,source_mat_id,119,EMOBON_BPNS_Wa_220420_200um_4,source_mat_id should match ^EMOBON_BPNS_Wa_220420_NAum_4$,/github/workspace/logsheets/filtered/water_sampling.csv,XSDString,mandatory
source_mat_id error,water,sampling,source_mat_id,120,EMOBON_BPNS_Wa_220420_200um_blank_1,source_mat_id should match ^EMOBON_BPNS_Wa_220420_NAum_blank_1$,/github/workspace/logsheets/filtered/water_sampling.csv,XSDString,mandatory
source_mat_id error,water,sampling,source_mat_id,121,EMOBON_BPNS_Wa_220601_3um_1,source_mat_id should match ^EMOBON_BPNS_Wa_220601_200um_1$,/github/workspace/logsheets/filtered/water_sampling.csv,XSDString,mandatory
source_mat_id error,water,sampling,source_mat_id,122,EMOBON_BPNS_Wa_220601_3um_2,source_mat_id should match ^EMOBON_BPNS_Wa_220601_200um_2$,/github/workspace/logsheets/filtered/water_sampling.csv,XSDString,mandatory
source_mat_id error,water,sampling,source_mat_id,123,EMOBON_BPNS_Wa_220601_3um_3,source_mat_id should match ^EMOBON_BPNS_Wa_220601_200um_3$,/github/workspace/logsheets/filtered/water_sampling.csv,XSDString,mandatory
source_mat_id error,water,sampling,source_mat_id,124,EMOBON_BPNS_Wa_220601_3um_4,source_mat_id should match ^EMOBON_BPNS_Wa_220601_200um_4$,/github/workspace/logsheets/filtered/water_sampling.csv,XSDString,mandatory
source_mat_id error,water,sampling,source_mat_id,125,EMOBON_BPNS_Wa_220601_3um_blank_1,source_mat_id should match ^EMOBON_BPNS_Wa_220601_200um_blank_1$,/github/workspace/logsheets/filtered/water_sampling.csv,XSDString,mandatory
source_mat_id error,water,sampling,source_mat_id,126,EMOBON_BPNS_Wa_220601_0.2um_1,source_mat_id should match ^EMOBON_BPNS_Wa_220601_3um_1$,/github/workspace/logsheets/filtered/water_sampling.csv,XSDString,mandatory
source_mat_id error,water,sampling,source_mat_id,127,EMOBON_BPNS_Wa_220601_0.2um_2,source_mat_id should match ^EMOBON_BPNS_Wa_220601_3um_2$,/github/workspace/logsheets/filtered/water_sampling.csv,XSDString,mandatory
source_mat_id error,water,sampling,source_mat_id,128,EMOBON_BPNS_Wa_220601_0.2um_3,source_mat_id should match ^EMOBON_BPNS_Wa_220601_3um_3$,/github/workspace/logsheets/filtered/water_sampling.csv,XSDString,mandatory
source_mat_id error,water,sampling,source_mat_id,129,EMOBON_BPNS_Wa_220601_0.2um_4,source_mat_id should match ^EMOBON_BPNS_Wa_220601_3um_4$,/github/workspace/logsheets/filtered/water_sampling.csv,XSDString,mandatory
source_mat_id error,water,sampling,source_mat_id,130,EMOBON_BPNS_Wa_220601_0.2um_blank_1,source_mat_id should match ^EMOBON_BPNS_Wa_220601_3um_blank_1$,/github/workspace/logsheets/filtered/water_sampling.csv,XSDString,mandatory
source_mat_id error,water,sampling,source_mat_id,131,EMOBON_BPNS_Wa_220601_20um_1,source_mat_id should match ^EMOBON_BPNS_Wa_220601_NAum_1$,/github/workspace/logsheets/filtered/water_sampling.csv,XSDString,mandatory
source_mat_id error,water,sampling,source_mat_id,132,EMOBON_BPNS_Wa_220601_20um_2,source_mat_id should match ^EMOBON_BPNS_Wa_220601_NAum_2$,/github/workspace/logsheets/filtered/water_sampling.csv,XSDString,mandatory
source_mat_id error,water,sampling,source_mat_id,133,EMOBON_BPNS_Wa_220601_20um_3,source_mat_id should match ^EMOBON_BPNS_Wa_220601_NAum_3$,/github/workspace/logsheets/filtered/water_sampling.csv,XSDString,mandatory
source_mat_id error,water,sampling,source_mat_id,134,EMOBON_BPNS_Wa_220601_20um_4,source_mat_id should match ^EMOBON_BPNS_Wa_220601_NAum_4$,/github/workspace/logsheets/filtered/water_sampling.csv,XSDString,mandatory
source_mat_id error,water,sampling,source_mat_id,135,EMOBON_BPNS_Wa_220601_20um_blank_1,source_mat_id should match ^EMOBON_BPNS_Wa_220601_NAum_blank_1$,/github/workspace/logsheets/filtered/water_sampling.csv,XSDString,mandatory
source_mat_id error,water,sampling,source_mat_id,136,EMOBON_BPNS_Wa_220601_200um_1,source_mat_id should match ^EMOBON_BPNS_Wa_220601_NAum_1$,/github/workspace/logsheets/filtered/water_sampling.csv,XSDString,mandatory
source_mat_id error,water,sampling,source_mat_id,137,EMOBON_BPNS_Wa_220601_200um_2,source_mat_id should match ^EMOBON_BPNS_Wa_220601_NAum_2$,/github/workspace/logsheets/filtered/water_sampling.csv,XSDString,mandatory
source_mat_id error,water,sampling,source_mat_id,138,EMOBON_BPNS_Wa_220601_200um_3,source_mat_id should match ^EMOBON_BPNS_Wa_220601_NAum_3$,/github/workspace/logsheets/filtered/water_sampling.csv,XSDString,mandatory
source_mat_id error,water,sampling,source_mat_id,139,EMOBON_BPNS_Wa_220601_200um_4,source_mat_id should match ^EMOBON_BPNS_Wa_220601_NAum_4$,/github/workspace/logsheets/filtered/water_sampling.csv,XSDString,mandatory
source_mat_id error,water,sampling,source_mat_id,140,EMOBON_BPNS_Wa_220601_200um_blank_1,source_mat_id should match ^EMOBON_BPNS_Wa_220601_NAum_blank_1$,/github/workspace/logsheets/filtered/water_sampling.csv,XSDString,mandatory
source_mat_id error,water,sampling,source_mat_id,141,EMOBON_BPNS_Wa_220819_3um_1,source_mat_id should match ^EMOBON_BPNS_Wa_220819_200um_1$,/github/workspace/logsheets/filtered/water_sampling.csv,XSDString,mandatory
source_mat_id error,water,sampling,source_mat_id,142,EMOBON_BPNS_Wa_220819_3um_2,source_mat_id should match ^EMOBON_BPNS_Wa_220819_200um_2$,/github/workspace/logsheets/filtered/water_sampling.csv,XSDString,mandatory
source_mat_id error,water,sampling,source_mat_id,143,EMOBON_BPNS_Wa_220819_3um_3,source_mat_id should match ^EMOBON_BPNS_Wa_220819_200um_3$,/github/workspace/logsheets/filtered/water_sampling.csv,XSDString,mandatory
source_mat_id error,water,sampling,source_mat_id,144,EMOBON_BPNS_Wa_220819_3um_4,source_mat_id should match ^EMOBON_BPNS_Wa_220819_200um_4$,/github/workspace/logsheets/filtered/water_sampling.csv,XSDString,mandatory
source_mat_id error,water,sampling,source_mat_id,145,EMOBON_BPNS_Wa_220819_3um_blank_1,source_mat_id should match ^EMOBON_BPNS_Wa_220819_200um_blank_1$,/github/workspace/logsheets/filtered/water_sampling.csv,XSDString,mandatory
source_mat_id error,water,sampling,source_mat_id,146,EMOBON_BPNS_Wa_220819_0.2um_1,source_mat_id should match ^EMOBON_BPNS_Wa_220819_3um_1$,/github/workspace/logsheets/filtered/water_sampling.csv,XSDString,mandatory
source_mat_id error,water,sampling,source_mat_id,147,EMOBON_BPNS_Wa_220819_0.2um_2,source_mat_id should match ^EMOBON_BPNS_Wa_220819_3um_2$,/github/workspace/logsheets/filtered/water_sampling.csv,XSDString,mandatory
source_mat_id error,water,sampling,source_mat_id,148,EMOBON_BPNS_Wa_220819_0.2um_3,source_mat_id should match ^EMOBON_BPNS_Wa_220819_3um_3$,/github/workspace/logsheets/filtered/water_sampling.csv,XSDString,mandatory
source_mat_id error,water,sampling,source_mat_id,149,EMOBON_BPNS_Wa_220819_0.2um_4,source_mat_id should match ^EMOBON_BPNS_Wa_220819_3um_4$,/github/workspace/logsheets/filtered/water_sampling.csv,XSDString,mandatory
source_mat_id error,water,sampling,source_mat_id,150,EMOBON_BPNS_Wa_220819_0.2um_blank_1,source_mat_id should match ^EMOBON_BPNS_Wa_220819_3um_blank_1$,/github/workspace/logsheets/filtered/water_sampling.csv,XSDString,mandatory
source_mat_id error,water,sampling,source_mat_id,151,EMOBON_BPNS_Wa_220819_20um_1,source_mat_id should match ^EMOBON_BPNS_Wa_220819_NAum_1$,/github/workspace/logsheets/filtered/water_sampling.csv,XSDString,mandatory
source_mat_id error,water,sampling,source_mat_id,152,EMOBON_BPNS_Wa_220819_20um_2,source_mat_id should match ^EMOBON_BPNS_Wa_220819_NAum_2$,/github/workspace/logsheets/filtered/water_sampling.csv,XSDString,mandatory
source_mat_id error,water,sampling,source_mat_id,153,EMOBON_BPNS_Wa_220819_20um_3,source_mat_id should match ^EMOBON_BPNS_Wa_220819_NAum_3$,/github/workspace/logsheets/filtered/water_sampling.csv,XSDString,mandatory
source_mat_id error,water,sampling,source_mat_id,154,EMOBON_BPNS_Wa_220819_20um_4,source_mat_id should match ^EMOBON_BPNS_Wa_220819_NAum_4$,/github/workspace/logsheets/filtered/water_sampling.csv,XSDString,mandatory
source_mat_id error,water,sampling,source_mat_id,155,EMOBON_BPNS_Wa_220819_20um_blank_1,source_mat_id should match ^EMOBON_BPNS_Wa_220819_NAum_blank_1$,/github/workspace/logsheets/filtered/water_sampling.csv,XSDString,mandatory
source_mat_id error,water,sampling,source_mat_id,156,EMOBON_BPNS_Wa_220819_200um_1,source_mat_id should match ^EMOBON_BPNS_Wa_220819_NAum_1$,/github/workspace/logsheets/filtered/water_sampling.csv,XSDString,mandatory
source_mat_id error,water,sampling,source_mat_id,157,EMOBON_BPNS_Wa_220819_200um_2,source_mat_id should match ^EMOBON_BPNS_Wa_220819_NAum_2$,/github/workspace/logsheets/filtered/water_sampling.csv,XSDString,mandatory
source_mat_id error,water,sampling,source_mat_id,158,EMOBON_BPNS_Wa_220819_200um_3,source_mat_id should match ^EMOBON_BPNS_Wa_220819_NAum_3$,/github/workspace/logsheets/filtered/water_sampling.csv,XSDString,mandatory
source_mat_id error,water,sampling,source_mat_id,159,EMOBON_BPNS_Wa_220819_200um_4,source_mat_id should match ^EMOBON_BPNS_Wa_220819_NAum_4$,/github/workspace/logsheets/filtered/water_sampling.csv,XSDString,mandatory
source_mat_id error,water,sampling,source_mat_id,160,EMOBON_BPNS_Wa_220819_200um_blank_1,source_mat_id should match ^EMOBON_BPNS_Wa_220819_NAum_blank_1$,/github/workspace/logsheets/filtered/water_sampling.csv,XSDString,mandatory
source_mat_id error,water,sampling,source_mat_id,161,EMOBON_BPNS_Wa_221027_3um_1,source_mat_id should match ^EMOBON_BPNS_Wa_221027_200um_1$,/github/workspace/logsheets/filtered/water_sampling.csv,XSDString,mandatory
source_mat_id error,water,sampling,source_mat_id,162,EMOBON_BPNS_Wa_221027_3um_2,source_mat_id should match ^EMOBON_BPNS_Wa_221027_200um_2$,/github/workspace/logsheets/filtered/water_sampling.csv,XSDString,mandatory
source_mat_id error,water,sampling,source_mat_id,163,EMOBON_BPNS_Wa_221027_3um_3,source_mat_id should match ^EMOBON_BPNS_Wa_221027_200um_3$,/github/workspace/logsheets/filtered/water_sampling.csv,XSDString,mandatory
source_mat_id error,water,sampling,source_mat_id,164,EMOBON_BPNS_Wa_221027_3um_4,source_mat_id should match ^EMOBON_BPNS_Wa_221027_200um_4$,/github/workspace/logsheets/filtered/water_sampling.csv,XSDString,mandatory
source_mat_id error,water,sampling,source_mat_id,165,EMOBON_BPNS_Wa_221027_3um_blank_1,source_mat_id should match ^EMOBON_BPNS_Wa_221027_200um_blank_1$,/github/workspace/logsheets/filtered/water_sampling.csv,XSDString,mandatory
source_mat_id error,water,sampling,source_mat_id,166,EMOBON_BPNS_Wa_221027_0.2um_1,source_mat_id should match ^EMOBON_BPNS_Wa_221027_3um_1$,/github/workspace/logsheets/filtered/water_sampling.csv,XSDString,mandatory
source_mat_id error,water,sampling,source_mat_id,167,EMOBON_BPNS_Wa_221027_0.2um_2,source_mat_id should match ^EMOBON_BPNS_Wa_221027_3um_2$,/github/workspace/logsheets/filtered/water_sampling.csv,XSDString,mandatory
source_mat_id error,water,sampling,source_mat_id,168,EMOBON_BPNS_Wa_221027_0.2um_3,source_mat_id should match ^EMOBON_BPNS_Wa_221027_3um_3$,/github/workspace/logsheets/filtered/water_sampling.csv,XSDString,mandatory
source_mat_id error,water,sampling,source_mat_id,169,EMOBON_BPNS_Wa_221027_0.2um_4,source_mat_id should match ^EMOBON_BPNS_Wa_221027_3um_4$,/github/workspace/logsheets/filtered/water_sampling.csv,XSDString,mandatory
source_mat_id error,water,sampling,source_mat_id,170,EMOBON_BPNS_Wa_221027_0.2um_blank_1,source_mat_id should match ^EMOBON_BPNS_Wa_221027_3um_blank_1$,/github/workspace/logsheets/filtered/water_sampling.csv,XSDString,mandatory
source_mat_id error,water,sampling,source_mat_id,171,EMOBON_BPNS_Wa_221027_20um_1,source_mat_id should match ^EMOBON_BPNS_Wa_221027_NAum_1$,/github/workspace/logsheets/filtered/water_sampling.csv,XSDString,mandatory
source_mat_id error,water,sampling,source_mat_id,172,EMOBON_BPNS_Wa_221027_20um_2,source_mat_id should match ^EMOBON_BPNS_Wa_221027_NAum_2$,/github/workspace/logsheets/filtered/water_sampling.csv,XSDString,mandatory
source_mat_id error,water,sampling,source_mat_id,173,EMOBON_BPNS_Wa_221027_20um_3,source_mat_id should match ^EMOBON_BPNS_Wa_221027_NAum_3$,/github/workspace/logsheets/filtered/water_sampling.csv,XSDString,mandatory
source_mat_id error,water,sampling,source_mat_id,174,EMOBON_BPNS_Wa_221027_20um_4,source_mat_id should match ^EMOBON_BPNS_Wa_221027_NAum_4$,/github/workspace/logsheets/filtered/water_sampling.csv,XSDString,mandatory
source_mat_id error,water,sampling,source_mat_id,175,EMOBON_BPNS_Wa_221027_20um_blank_1,source_mat_id should match ^EMOBON_BPNS_Wa_221027_NAum_blank_1$,/github/workspace/logsheets/filtered/water_sampling.csv,XSDString,mandatory
source_mat_id error,water,sampling,source_mat_id,176,EMOBON_BPNS_Wa_221027_200um_1,source_mat_id should match ^EMOBON_BPNS_Wa_221027_NAum_1$,/github/workspace/logsheets/filtered/water_sampling.csv,XSDString,mandatory
source_mat_id error,water,sampling,source_mat_id,177,EMOBON_BPNS_Wa_221027_200um_2,source_mat_id should match ^EMOBON_BPNS_Wa_221027_NAum_2$,/github/workspace/logsheets/filtered/water_sampling.csv,XSDString,mandatory
source_mat_id error,water,sampling,source_mat_id,178,EMOBON_BPNS_Wa_221027_200um_3,source_mat_id should match ^EMOBON_BPNS_Wa_221027_NAum_3$,/github/workspace/logsheets/filtered/water_sampling.csv,XSDString,mandatory
source_mat_id error,water,sampling,source_mat_id,179,EMOBON_BPNS_Wa_221027_200um_4,source_mat_id should match ^EMOBON_BPNS_Wa_221027_NAum_4$,/github/workspace/logsheets/filtered/water_sampling.csv,XSDString,mandatory
source_mat_id error,water,sampling,source_mat_id,180,EMOBON_BPNS_Wa_221027_200um_blank_1,source_mat_id should match ^EMOBON_BPNS_Wa_221027_NAum_blank_1$,/github/workspace/logsheets/filtered/water_sampling.csv,XSDString,mandatory
source_mat_id error,water,sampling,source_mat_id,181,EMOBON_BPNS_Wa_221212_3um_1,source_mat_id should match ^EMOBON_BPNS_Wa_221212_200um_1$,/github/workspace/logsheets/filtered/water_sampling.csv,XSDString,mandatory
source_mat_id error,water,sampling,source_mat_id,182,EMOBON_BPNS_Wa_221212_3um_2,source_mat_id should match ^EMOBON_BPNS_Wa_221212_200um_2$,/github/workspace/logsheets/filtered/water_sampling.csv,XSDString,mandatory
source_mat_id error,water,sampling,source_mat_id,183,EMOBON_BPNS_Wa_221212_3um_3,source_mat_id should match ^EMOBON_BPNS_Wa_221212_200um_3$,/github/workspace/logsheets/filtered/water_sampling.csv,XSDString,mandatory
source_mat_id error,water,sampling,source_mat_id,184,EMOBON_BPNS_Wa_221212_3um_4,source_mat_id should match ^EMOBON_BPNS_Wa_221212_200um_4$,/github/workspace/logsheets/filtered/water_sampling.csv,XSDString,mandatory
source_mat_id error,water,sampling,source_mat_id,185,EMOBON_BPNS_Wa_221212_3um_blank_1,source_mat_id should match ^EMOBON_BPNS_Wa_221212_200um_blank_1$,/github/workspace/logsheets/filtered/water_sampling.csv,XSDString,mandatory
source_mat_id error,water,sampling,source_mat_id,186,EMOBON_BPNS_Wa_221212_0.2um_1,source_mat_id should match ^EMOBON_BPNS_Wa_221212_3um_1$,/github/workspace/logsheets/filtered/water_sampling.csv,XSDString,mandatory
source_mat_id error,water,sampling,source_mat_id,187,EMOBON_BPNS_Wa_221212_0.2um_2,source_mat_id should match ^EMOBON_BPNS_Wa_221212_3um_2$,/github/workspace/logsheets/filtered/water_sampling.csv,XSDString,mandatory
source_mat_id error,water,sampling,source_mat_id,188,EMOBON_BPNS_Wa_221212_0.2um_3,source_mat_id should match ^EMOBON_BPNS_Wa_221212_3um_3$,/github/workspace/logsheets/filtered/water_sampling.csv,XSDString,mandatory
source_mat_id error,water,sampling,source_mat_id,189,EMOBON_BPNS_Wa_221212_0.2um_4,source_mat_id should match ^EMOBON_BPNS_Wa_221212_3um_4$,/github/workspace/logsheets/filtered/water_sampling.csv,XSDString,mandatory
source_mat_id error,water,sampling,source_mat_id,190,EMOBON_BPNS_Wa_221212_0.2um_blank_1,source_mat_id should match ^EMOBON_BPNS_Wa_221212_3um_blank_1$,/github/workspace/logsheets/filtered/water_sampling.csv,XSDString,mandatory
source_mat_id error,water,sampling,source_mat_id,191,EMOBON_BPNS_Wa_221212_20um_1,source_mat_id should match ^EMOBON_BPNS_Wa_221212_NAum_1$,/github/workspace/logsheets/filtered/water_sampling.csv,XSDString,mandatory
source_mat_id error,water,sampling,source_mat_id,192,EMOBON_BPNS_Wa_221212_20um_2,source_mat_id should match ^EMOBON_BPNS_Wa_221212_NAum_2$,/github/workspace/logsheets/filtered/water_sampling.csv,XSDString,mandatory
source_mat_id error,water,sampling,source_mat_id,193,EMOBON_BPNS_Wa_221212_20um_3,source_mat_id should match ^EMOBON_BPNS_Wa_221212_NAum_3$,/github/workspace/logsheets/filtered/water_sampling.csv,XSDString,mandatory
source_mat_id error,water,sampling,source_mat_id,194,EMOBON_BPNS_Wa_221212_20um_4,source_mat_id should match ^EMOBON_BPNS_Wa_221212_NAum_4$,/github/workspace/logsheets/filtered/water_sampling.csv,XSDString,mandatory
source_mat_id error,water,sampling,source_mat_id,195,EMOBON_BPNS_Wa_221212_20um_blank_1,source_mat_id should match ^EMOBON_BPNS_Wa_221212_NAum_blank_1$,/github/workspace/logsheets/filtered/water_sampling.csv,XSDString,mandatory
source_mat_id error,water,sampling,source_mat_id,196,EMOBON_BPNS_Wa_221212_200um_1,source_mat_id should match ^EMOBON_BPNS_Wa_221212_NAum_1$,/github/workspace/logsheets/filtered/water_sampling.csv,XSDString,mandatory
source_mat_id error,water,sampling,source_mat_id,197,EMOBON_BPNS_Wa_221212_200um_2,source_mat_id should match ^EMOBON_BPNS_Wa_221212_NAum_2$,/github/workspace/logsheets/filtered/water_sampling.csv,XSDString,mandatory
source_mat_id error,water,sampling,source_mat_id,198,EMOBON_BPNS_Wa_221212_200um_3,source_mat_id should match ^EMOBON_BPNS_Wa_221212_NAum_3$,/github/workspace/logsheets/filtered/water_sampling.csv,XSDString,mandatory
source_mat_id error,water,sampling,source_mat_id,199,EMOBON_BPNS_Wa_221212_200um_4,source_mat_id should match ^EMOBON_BPNS_Wa_221212_NAum_4$,/github/workspace/logsheets/filtered/water_sampling.csv,XSDString,mandatory
source_mat_id error,water,sampling,source_mat_id,200,EMOBON_BPNS_Wa_221212_200um_blank_1,source_mat_id should match ^EMOBON_BPNS_Wa_221212_NAum_blank_1$,/github/workspace/logsheets/filtered/water_sampling.csv,XSDString,mandatory
source_mat_id error,water,sampling,source_mat_id,201,EMOBON_BPNS_Wa_230216_3um_1,source_mat_id should match ^EMOBON_BPNS_Wa_230216_200um_1$,/github/workspace/logsheets/filtered/water_sampling.csv,XSDString,mandatory
source_mat_id error,water,sampling,source_mat_id,202,EMOBON_BPNS_Wa_230216_3um_2,source_mat_id should match ^EMOBON_BPNS_Wa_230216_200um_2$,/github/workspace/logsheets/filtered/water_sampling.csv,XSDString,mandatory
source_mat_id error,water,sampling,source_mat_id,203,EMOBON_BPNS_Wa_230216_3um_3,source_mat_id should match ^EMOBON_BPNS_Wa_230216_200um_3$,/github/workspace/logsheets/filtered/water_sampling.csv,XSDString,mandatory
source_mat_id error,water,sampling,source_mat_id,204,EMOBON_BPNS_Wa_230216_3um_4,source_mat_id should match ^EMOBON_BPNS_Wa_230216_200um_4$,/github/workspace/logsheets/filtered/water_sampling.csv,XSDString,mandatory
source_mat_id error,water,sampling,source_mat_id,205,EMOBON_BPNS_Wa_230216_3um_blank_1,source_mat_id should match ^EMOBON_BPNS_Wa_230216_200um_blank_1$,/github/workspace/logsheets/filtered/water_sampling.csv,XSDString,mandatory
source_mat_id error,water,sampling,source_mat_id,206,EMOBON_BPNS_Wa_230216_0.2um_1,source_mat_id should match ^EMOBON_BPNS_Wa_230216_3um_1$,/github/workspace/logsheets/filtered/water_sampling.csv,XSDString,mandatory
source_mat_id error,water,sampling,source_mat_id,207,EMOBON_BPNS_Wa_230216_0.2um_2,source_mat_id should match ^EMOBON_BPNS_Wa_230216_3um_2$,/github/workspace/logsheets/filtered/water_sampling.csv,XSDString,mandatory
source_mat_id error,water,sampling,source_mat_id,208,EMOBON_BPNS_Wa_230216_0.2um_3,source_mat_id should match ^EMOBON_BPNS_Wa_230216_3um_3$,/github/workspace/logsheets/filtered/water_sampling.csv,XSDString,mandatory
source_mat_id error,water,sampling,source_mat_id,209,EMOBON_BPNS_Wa_230216_0.2um_4,source_mat_id should match ^EMOBON_BPNS_Wa_230216_3um_4$,/github/workspace/logsheets/filtered/water_sampling.csv,XSDString,mandatory
source_mat_id error,water,sampling,source_mat_id,210,EMOBON_BPNS_Wa_230216_0.2um_blank_1,source_mat_id should match ^EMOBON_BPNS_Wa_230216_3um_blank_1$,/github/workspace/logsheets/filtered/water_sampling.csv,XSDString,mandatory
source_mat_id error,water,sampling,source_mat_id,211,EMOBON_BPNS_Wa_230216_20um_1,source_mat_id should match ^EMOBON_BPNS_Wa_230216_NAum_1$,/github/workspace/logsheets/filtered/water_sampling.csv,XSDString,mandatory
source_mat_id error,water,sampling,source_mat_id,212,EMOBON_BPNS_Wa_230216_20um_2,source_mat_id should match ^EMOBON_BPNS_Wa_230216_NAum_2$,/github/workspace/logsheets/filtered/water_sampling.csv,XSDString,mandatory
source_mat_id error,water,sampling,source_mat_id,213,EMOBON_BPNS_Wa_230216_20um_3,source_mat_id should match ^EMOBON_BPNS_Wa_230216_NAum_3$,/github/workspace/logsheets/filtered/water_sampling.csv,XSDString,mandatory
source_mat_id error,water,sampling,source_mat_id,214,EMOBON_BPNS_Wa_230216_20um_4,source_mat_id should match ^EMOBON_BPNS_Wa_230216_NAum_4$,/github/workspace/logsheets/filtered/water_sampling.csv,XSDString,mandatory
source_mat_id error,water,sampling,source_mat_id,215,EMOBON_BPNS_Wa_230216_20um_blank_1,source_mat_id should match ^EMOBON_BPNS_Wa_230216_NAum_blank_1$,/github/workspace/logsheets/filtered/water_sampling.csv,XSDString,mandatory
source_mat_id error,water,sampling,source_mat_id,216,EMOBON_BPNS_Wa_230216_200um_1,source_mat_id should match ^EMOBON_BPNS_Wa_230216_NAum_1$,/github/workspace/logsheets/filtered/water_sampling.csv,XSDString,mandatory
source_mat_id error,water,sampling,source_mat_id,217,EMOBON_BPNS_Wa_230216_200um_2,source_mat_id should match ^EMOBON_BPNS_Wa_230216_NAum_2$,/github/workspace/logsheets/filtered/water_sampling.csv,XSDString,mandatory
source_mat_id error,water,sampling,source_mat_id,218,EMOBON_BPNS_Wa_230216_200um_3,source_mat_id should match ^EMOBON_BPNS_Wa_230216_NAum_3$,/github/workspace/logsheets/filtered/water_sampling.csv,XSDString,mandatory
source_mat_id error,water,sampling,source_mat_id,219,EMOBON_BPNS_Wa_230216_200um_4,source_mat_id should match ^EMOBON_BPNS_Wa_230216_NAum_4$,/github/workspace/logsheets/filtered/water_sampling.csv,XSDString,mandatory
source_mat_id error,water,sampling,source_mat_id,220,EMOBON_BPNS_Wa_230216_200um_blank_1,source_mat_id should match ^EMOBON_BPNS_Wa_230216_NAum_blank_1$,/github/workspace/logsheets/filtered/water_sampling.csv,XSDString,mandatory
source_mat_id error,water,sampling,source_mat_id,221,EMOBON_BPNS_Wa_230621_3um_1,source_mat_id should match ^EMOBON_BPNS_Wa_230621_200um_1$,/github/workspace/logsheets/filtered/water_sampling.csv,XSDString,mandatory
source_mat_id error,water,sampling,source_mat_id,222,EMOBON_BPNS_Wa_230621_3um_2,source_mat_id should match ^EMOBON_BPNS_Wa_230621_200um_2$,/github/workspace/logsheets/filtered/water_sampling.csv,XSDString,mandatory
source_mat_id error,water,sampling,source_mat_id,223,EMOBON_BPNS_Wa_230621_3um_3,source_mat_id should match ^EMOBON_BPNS_Wa_230621_200um_3$,/github/workspace/logsheets/filtered/water_sampling.csv,XSDString,mandatory
source_mat_id error,water,sampling,source_mat_id,224,EMOBON_BPNS_Wa_230621_3um_4,source_mat_id should match ^EMOBON_BPNS_Wa_230621_200um_4$,/github/workspace/logsheets/filtered/water_sampling.csv,XSDString,mandatory
source_mat_id error,water,sampling,source_mat_id,225,EMOBON_BPNS_Wa_230621_3um_blank_1,source_mat_id should match ^EMOBON_BPNS_Wa_230621_200um_blank_1$,/github/workspace/logsheets/filtered/water_sampling.csv,XSDString,mandatory
source_mat_id error,water,sampling,source_mat_id,226,EMOBON_BPNS_Wa_230621_0.2um_1,source_mat_id should match ^EMOBON_BPNS_Wa_230621_3um_1$,/github/workspace/logsheets/filtered/water_sampling.csv,XSDString,mandatory
source_mat_id error,water,sampling,source_mat_id,227,EMOBON_BPNS_Wa_230621_0.2um_2,source_mat_id should match ^EMOBON_BPNS_Wa_230621_3um_2$,/github/workspace/logsheets/filtered/water_sampling.csv,XSDString,mandatory
source_mat_id error,water,sampling,source_mat_id,228,EMOBON_BPNS_Wa_230621_0.2um_3,source_mat_id should match ^EMOBON_BPNS_Wa_230621_3um_3$,/github/workspace/logsheets/filtered/water_sampling.csv,XSDString,mandatory
source_mat_id error,water,sampling,source_mat_id,229,EMOBON_BPNS_Wa_230621_0.2um_4,source_mat_id should match ^EMOBON_BPNS_Wa_230621_3um_4$,/github/workspace/logsheets/filtered/water_sampling.csv,XSDString,mandatory
source_mat_id error,water,sampling,source_mat_id,230,EMOBON_BPNS_Wa_230621_0.2um_blank_1,source_mat_id should match ^EMOBON_BPNS_Wa_230621_3um_blank_1$,/github/workspace/logsheets/filtered/water_sampling.csv,XSDString,mandatory
source_mat_id error,water,sampling,source_mat_id,231,EMOBON_BPNS_Wa_230621_20um_1,source_mat_id should match ^EMOBON_BPNS_Wa_230621_NAum_1$,/github/workspace/logsheets/filtered/water_sampling.csv,XSDString,mandatory
source_mat_id error,water,sampling,source_mat_id,232,EMOBON_BPNS_Wa_230621_20um_2,source_mat_id should match ^EMOBON_BPNS_Wa_230621_NAum_2$,/github/workspace/logsheets/filtered/water_sampling.csv,XSDString,mandatory
source_mat_id error,water,sampling,source_mat_id,233,EMOBON_BPNS_Wa_230621_20um_3,source_mat_id should match ^EMOBON_BPNS_Wa_230621_NAum_3$,/github/workspace/logsheets/filtered/water_sampling.csv,XSDString,mandatory
source_mat_id error,water,sampling,source_mat_id,234,EMOBON_BPNS_Wa_230621_20um_4,source_mat_id should match ^EMOBON_BPNS_Wa_230621_NAum_4$,/github/workspace/logsheets/filtered/water_sampling.csv,XSDString,mandatory
source_mat_id error,water,sampling,source_mat_id,235,EMOBON_BPNS_Wa_230621_20um_blank_1,source_mat_id should match ^EMOBON_BPNS_Wa_230621_NAum_blank_1$,/github/workspace/logsheets/filtered/water_sampling.csv,XSDString,mandatory
source_mat_id error,water,sampling,source_mat_id,236,EMOBON_BPNS_Wa_230621_200um_1,source_mat_id should match ^EMOBON_BPNS_Wa_230621_NAum_1$,/github/workspace/logsheets/filtered/water_sampling.csv,XSDString,mandatory
source_mat_id error,water,sampling,source_mat_id,237,EMOBON_BPNS_Wa_230621_200um_2,source_mat_id should match ^EMOBON_BPNS_Wa_230621_NAum_2$,/github/workspace/logsheets/filtered/water_sampling.csv,XSDString,mandatory
source_mat_id error,water,sampling,source_mat_id,238,EMOBON_BPNS_Wa_230621_200um_3,source_mat_id should match ^EMOBON_BPNS_Wa_230621_NAum_3$,/github/workspace/logsheets/filtered/water_sampling.csv,XSDString,mandatory
source_mat_id error,water,sampling,source_mat_id,239,EMOBON_BPNS_Wa_230621_200um_4,source_mat_id should match ^EMOBON_BPNS_Wa_230621_NAum_4$,/github/workspace/logsheets/filtered/water_sampling.csv,XSDString,mandatory
source_mat_id error,water,sampling,source_mat_id,240,EMOBON_BPNS_Wa_230621_200um_blank_1,source_mat_id should match ^EMOBON_BPNS_Wa_230621_NAum_blank_1$,/github/workspace/logsheets/filtered/water_sampling.csv,XSDString,mandatory
source_mat_id error,water,sampling,source_mat_id,241,EMOBON_BPNS_Wa_230817_3um_1,source_mat_id should match ^EMOBON_BPNS_Wa_230817_200um_1$,/github/workspace/logsheets/filtered/water_sampling.csv,XSDString,mandatory
source_mat_id error,water,sampling,source_mat_id,242,EMOBON_BPNS_Wa_230817_3um_2,source_mat_id should match ^EMOBON_BPNS_Wa_230817_200um_2$,/github/workspace/logsheets/filtered/water_sampling.csv,XSDString,mandatory
source_mat_id error,water,sampling,source_mat_id,243,EMOBON_BPNS_Wa_230817_3um_3,source_mat_id should match ^EMOBON_BPNS_Wa_230817_200um_3$,/github/workspace/logsheets/filtered/water_sampling.csv,XSDString,mandatory
source_mat_id error,water,sampling,source_mat_id,244,EMOBON_BPNS_Wa_230817_3um_4,source_mat_id should match ^EMOBON_BPNS_Wa_230817_200um_4$,/github/workspace/logsheets/filtered/water_sampling.csv,XSDString,mandatory
source_mat_id error,water,sampling,source_mat_id,245,EMOBON_BPNS_Wa_230817_3um_blank_1,source_mat_id should match ^EMOBON_BPNS_Wa_230817_200um_blank_1$,/github/workspace/logsheets/filtered/water_sampling.csv,XSDString,mandatory
source_mat_id error,water,sampling,source_mat_id,246,EMOBON_BPNS_Wa_230817_0.2um_1,source_mat_id should match ^EMOBON_BPNS_Wa_230817_3um_1$,/github/workspace/logsheets/filtered/water_sampling.csv,XSDString,mandatory
source_mat_id error,water,sampling,source_mat_id,247,EMOBON_BPNS_Wa_230817_0.2um_2,source_mat_id should match ^EMOBON_BPNS_Wa_230817_3um_2$,/github/workspace/logsheets/filtered/water_sampling.csv,XSDString,mandatory
source_mat_id error,water,sampling,source_mat_id,248,EMOBON_BPNS_Wa_230817_0.2um_3,source_mat_id should match ^EMOBON_BPNS_Wa_230817_3um_3$,/github/workspace/logsheets/filtered/water_sampling.csv,XSDString,mandatory
source_mat_id error,water,sampling,source_mat_id,249,EMOBON_BPNS_Wa_230817_0.2um_4,source_mat_id should match ^EMOBON_BPNS_Wa_230817_3um_4$,/github/workspace/logsheets/filtered/water_sampling.csv,XSDString,mandatory
source_mat_id error,water,sampling,source_mat_id,250,EMOBON_BPNS_Wa_230817_0.2um_blank_1,source_mat_id should match ^EMOBON_BPNS_Wa_230817_3um_blank_1$,/github/workspace/logsheets/filtered/water_sampling.csv,XSDString,mandatory
source_mat_id error,water,sampling,source_mat_id,251,EMOBON_BPNS_Wa_230817_20um_1,source_mat_id should match ^EMOBON_BPNS_Wa_230817_NAum_1$,/github/workspace/logsheets/filtered/water_sampling.csv,XSDString,mandatory
source_mat_id error,water,sampling,source_mat_id,252,EMOBON_BPNS_Wa_230817_20um_2,source_mat_id should match ^EMOBON_BPNS_Wa_230817_NAum_2$,/github/workspace/logsheets/filtered/water_sampling.csv,XSDString,mandatory
source_mat_id error,water,sampling,source_mat_id,253,EMOBON_BPNS_Wa_230817_20um_3,source_mat_id should match ^EMOBON_BPNS_Wa_230817_NAum_3$,/github/workspace/logsheets/filtered/water_sampling.csv,XSDString,mandatory
source_mat_id error,water,sampling,source_mat_id,254,EMOBON_BPNS_Wa_230817_20um_4,source_mat_id should match ^EMOBON_BPNS_Wa_230817_NAum_4$,/github/workspace/logsheets/filtered/water_sampling.csv,XSDString,mandatory
source_mat_id error,water,sampling,source_mat_id,255,EMOBON_BPNS_Wa_230817_20um_blank_1,source_mat_id should match ^EMOBON_BPNS_Wa_230817_NAum_blank_1$,/github/workspace/logsheets/filtered/water_sampling.csv,XSDString,mandatory
source_mat_id error,water,sampling,source_mat_id,256,EMOBON_BPNS_Wa_230817_200um_1,source_mat_id should match ^EMOBON_BPNS_Wa_230817_NAum_1$,/github/workspace/logsheets/filtered/water_sampling.csv,XSDString,mandatory
source_mat_id error,water,sampling,source_mat_id,257,EMOBON_BPNS_Wa_230817_200um_2,source_mat_id should match ^EMOBON_BPNS_Wa_230817_NAum_2$,/github/workspace/logsheets/filtered/water_sampling.csv,XSDString,mandatory
source_mat_id error,water,sampling,source_mat_id,258,EMOBON_BPNS_Wa_230817_200um_3,source_mat_id should match ^EMOBON_BPNS_Wa_230817_NAum_3$,/github/workspace/logsheets/filtered/water_sampling.csv,XSDString,mandatory
source_mat_id error,water,sampling,source_mat_id,259,EMOBON_BPNS_Wa_230817_200um_4,source_mat_id should match ^EMOBON_BPNS_Wa_230817_NAum_4$,/github/workspace/logsheets/filtered/water_sampling.csv,XSDString,mandatory
source_mat_id error,water,sampling,source_mat_id,260,EMOBON_BPNS_Wa_230817_200um_blank_1,source_mat_id should match ^EMOBON_BPNS_Wa_230817_NAum_blank_1$,/github/workspace/logsheets/filtered/water_sampling.csv,XSDString,mandatory
datatype mismatch,water,measured,chlorophyll,201,Expected 12-2024,\,/github/workspace/logsheets/filtered/water_measured.csv,XSDFloat,optional
datatype mismatch,water,measured,chlorophyll,202,Expected 12-2024,\,/github/workspace/logsheets/filtered/water_measured.csv,XSDFloat,optional
datatype mismatch,water,measured,chlorophyll,203,Expected 12-2024,\,/github/workspace/logsheets/filtered/water_measured.csv,XSDFloat,optional
datatype mismatch,water,measured,chlorophyll,204,Expected 12-2024,\,/github/workspace/logsheets/filtered/water_measured.csv,XSDFloat,optional
datatype mismatch,water,measured,chlorophyll,206,Expected 12-2024,\,/github/workspace/logsheets/filtered/water_measured.csv,XSDFloat,optional
datatype mismatch,water,measured,chlorophyll,207,Expected 12-2024,\,/github/workspace/logsheets/filtered/water_measured.csv,XSDFloat,optional
datatype mismatch,water,measured,chlorophyll,208,Expected 12-2024,\,/github/workspace/logsheets/filtered/water_measured.csv,XSDFloat,optional
datatype mismatch,water,measured,chlorophyll,209,Expected 12-2024,\,/github/workspace/logsheets/filtered/water_measured.csv,XSDFloat,optional
datatype mismatch,water,measured,chlorophyll,211,Expected 12-2024,\,/github/workspace/logsheets/filtered/water_measured.csv,XSDFloat,optional
datatype mismatch,water,measured,chlorophyll,212,Expected 12-2024,\,/github/workspace/logsheets/filtered/water_measured.csv,XSDFloat,optional
datatype mismatch,water,measured,chlorophyll,213,Expected 12-2024,\,/github/workspace/logsheets/filtered/water_measured.csv,XSDFloat,optional
datatype mismatch,water,measured,chlorophyll,214,Expected 12-2024,\,/github/workspace/logsheets/filtered/water_measured.csv,XSDFloat,optional
datatype mismatch,water,measured,chlorophyll,216,Expected 12-2024,\,/github/workspace/logsheets/filtered/water_measured.csv,XSDFloat,optional
datatype mismatch,water,measured,chlorophyll,217,Expected 12-2024,\,/github/workspace/logsheets/filtered/water_measured.csv,XSDFloat,optional
datatype mismatch,water,measured,chlorophyll,218,Expected 12-2024,\,/github/workspace/logsheets/filtered/water_measured.csv,XSDFloat,optional
datatype mismatch,water,measured,chlorophyll,219,Expected 12-2024,\,/github/workspace/logsheets/filtered/water_measured.csv,XSDFloat,optional
datatype mismatch,water,measured,chlorophyll,221,Expected 12-2024,\,/github/workspace/logsheets/filtered/water_measured.csv,XSDFloat,optional
datatype mismatch,water,measured,chlorophyll,222,Expected 12-2024,\,/github/workspace/logsheets/filtered/water_measured.csv,XSDFloat,optional
datatype mismatch,water,measured,chlorophyll,223,Expected 12-2024,\,/github/workspace/logsheets/filtered/water_measured.csv,XSDFloat,optional
datatype mismatch,water,measured,chlorophyll,224,Expected 12-2024,\,/github/workspace/logsheets/filtered/water_measured.csv,XSDFloat,optional
datatype mismatch,water,measured,chlorophyll,226,Expected 12-2024,\,/github/workspace/logsheets/filtered/water_measured.csv,XSDFloat,optional
datatype mismatch,water,measured,chlorophyll,227,Expected 12-2024,\,/github/workspace/logsheets/filtered/water_measured.csv,XSDFloat,optional
datatype mismatch,water,measured,chlorophyll,228,Expected 12-2024,\,/github/workspace/logsheets/filtered/water_measured.csv,XSDFloat,optional
datatype mismatch,water,measured,chlorophyll,229,Expected 12-2024,\,/github/workspace/logsheets/filtered/water_measured.csv,XSDFloat,optional
datatype mismatch,water,measured,chlorophyll,231,Expected 12-2024,\,/github/workspace/logsheets/filtered/water_measured.csv,XSDFloat,optional
datatype mismatch,water,measured,chlorophyll,232,Expected 12-2024,\,/github/workspace/logsheets/filtered/water_measured.csv,XSDFloat,optional
datatype mismatch,water,measured,chlorophyll,233,Expected 12-2024,\,/github/workspace/logsheets/filtered/water_measured.csv,XSDFloat,optional
datatype mismatch,water,measured,chlorophyll,234,Expected 12-2024,\,/github/workspace/logsheets/filtered/water_measured.csv,XSDFloat,optional
datatype mismatch,water,measured,chlorophyll,236,Expected 12-2024,\,/github/workspace/logsheets/filtered/water_measured.csv,XSDFloat,optional
datatype mismatch,water,measured,chlorophyll,237,Expected 12-2024,\,/github/workspace/logsheets/filtered/water_measured.csv,XSDFloat,optional
datatype mismatch,water,measured,chlorophyll,238,Expected 12-2024,\,/github/workspace/logsheets/filtered/water_measured.csv,XSDFloat,optional
datatype mismatch,water,measured,chlorophyll,239,Expected 12-2024,\,/github/workspace/logsheets/filtered/water_measured.csv,XSDFloat,optional
datatype mismatch,water,measured,density,241,Expected 12-2024,\,/github/workspace/logsheets/filtered/water_measured.csv,XSDFloat,optional
datatype mismatch,water,measured,density,242,Expected 12-2024,\,/github/workspace/logsheets/filtered/water_measured.csv,XSDFloat,optional
datatype mismatch,water,measured,density,243,Expected 12-2024,\,/github/workspace/logsheets/filtered/water_measured.csv,XSDFloat,optional
datatype mismatch,water,measured,density,244,Expected 12-2024,\,/github/workspace/logsheets/filtered/water_measured.csv,XSDFloat,optional
datatype mismatch,water,measured,density,246,Expected 12-2024,\,/github/workspace/logsheets/filtered/water_measured.csv,XSDFloat,optional
datatype mismatch,water,measured,density,247,Expected 12-2024,\,/github/workspace/logsheets/filtered/water_measured.csv,XSDFloat,optional
datatype mismatch,water,measured,density,248,Expected 12-2024,\,/github/workspace/logsheets/filtered/water_measured.csv,XSDFloat,optional
datatype mismatch,water,measured,density,249,Expected 12-2024,\,/github/workspace/logsheets/filtered/water_measured.csv,XSDFloat,optional
datatype mismatch,water,measured,density,251,Expected 12-2024,\,/github/workspace/logsheets/filtered/water_measured.csv,XSDFloat,optional
datatype mismatch,water,measured,density,252,Expected 12-2024,\,/github/workspace/logsheets/filtered/water_measured.csv,XSDFloat,optional
datatype mismatch,water,measured,density,253,Expected 12-2024,\,/github/workspace/logsheets/filtered/water_measured.csv,XSDFloat,optional
datatype mismatch,water,measured,density,254,Expected 12-2024,\,/github/workspace/logsheets/filtered/water_measured.csv,XSDFloat,optional
datatype mismatch,water,measured,density,256,Expected 12-2024,\,/github/workspace/logsheets/filtered/water_measured.csv,XSDFloat,optional
datatype mismatch,water,measured,density,257,Expected 12-2024,\,/github/workspace/logsheets/filtered/water_measured.csv,XSDFloat,optional
datatype mismatch,water,measured,density,258,Expected 12-2024,\,/github/workspace/logsheets/filtered/water_measured.csv,XSDFloat,optional
datatype mismatch,water,measured,density,259,Expected 12-2024,\,/github/workspace/logsheets/filtered/water_measured.csv,XSDFloat,optional
datatype mismatch,water,measured,pressure,161,Expected 2024-12-31,\,/github/workspace/logsheets/filtered/water_measured.csv,XSDFloat,optional
datatype mismatch,water,measured,pressure,162,Expected 2024-12-31,\,/github/workspace/logsheets/filtered/water_measured.csv,XSDFloat,optional
datatype mismatch,water,measured,pressure,163,Expected 2024-12-31,\,/github/workspace/logsheets/filtered/water_measured.csv,XSDFloat,optional
datatype mismatch,water,measured,pressure,164,Expected 2024-12-31,\,/github/workspace/logsheets/filtered/water_measured.csv,XSDFloat,optional
datatype mismatch,water,measured,pressure,166,Expected 2024-12-31,\,/github/workspace/logsheets/filtered/water_measured.csv,XSDFloat,optional
datatype mismatch,water,measured,pressure,167,Expected 2024-12-31,\,/github/workspace/logsheets/filtered/water_measured.csv,XSDFloat,optional
datatype mismatch,water,measured,pressure,168,Expected 2024-12-31,\,/github/workspace/logsheets/filtered/water_measured.csv,XSDFloat,optional
datatype mismatch,water,measured,pressure,169,Expected 2024-12-31,\,/github/workspace/logsheets/filtered/water_measured.csv,XSDFloat,optional
datatype mismatch,water,measured,pressure,171,Expected 2024-12-31,\,/github/workspace/logsheets/filtered/water_measured.csv,XSDFloat,optional
datatype mismatch,water,measured,pressure,172,Expected 2024-12-31,\,/github/workspace/logsheets/filtered/water_measured.csv,XSDFloat,optional
datatype mismatch,water,measured,pressure,173,Expected 2024-12-31,\,/github/workspace/logsheets/filtered/water_measured.csv,XSDFloat,optional
datatype mismatch,water,measured,pressure,174,Expected 2024-12-31,\,/github/workspace/logsheets/filtered/water_measured.csv,XSDFloat,optional
datatype mismatch,water,measured,pressure,176,Expected 2024-12-31,\,/github/workspace/logsheets/filtered/water_measured.csv,XSDFloat,optional
datatype mismatch,water,measured,pressure,177,Expected 2024-12-31,\,/github/workspace/logsheets/filtered/water_measured.csv,XSDFloat,optional
datatype mismatch,water,measured,pressure,178,Expected 2024-12-31,\,/github/workspace/logsheets/filtered/water_measured.csv,XSDFloat,optional
datatype mismatch,water,measured,pressure,179,Expected 2024-12-31,\,/github/workspace/logsheets/filtered/water_measured.csv,XSDFloat,optional
datatype mismatch,water,measured,silicate,41,Expected 12-2024,\,/github/workspace/logsheets/filtered/water_measured.csv,XSDFloat,optional
datatype mismatch,water,measured,silicate,42,Expected 12-2024,\,/github/workspace/logsheets/filtered/water_measured.csv,XSDFloat,optional
datatype mismatch,water,measured,silicate,43,Expected 12-2024,\,/github/workspace/logsheets/filtered/water_measured.csv,XSDFloat,optional
datatype mismatch,water,measured,silicate,44,Expected 12-2024,\,/github/workspace/logsheets/filtered/water_measured.csv,XSDFloat,optional
datatype mismatch,water,measured,silicate,46,Expected 12-2024,\,/github/workspace/logsheets/filtered/water_measured.csv,XSDFloat,optional
datatype mismatch,water,measured,silicate,47,Expected 12-2024,\,/github/workspace/logsheets/filtered/water_measured.csv,XSDFloat,optional
datatype mismatch,water,measured,silicate,48,Expected 12-2024,\,/github/workspace/logsheets/filtered/water_measured.csv,XSDFloat,optional
datatype mismatch,water,measured,silicate,49,Expected 12-2024,\,/github/workspace/logsheets/filtered/water_measured.csv,XSDFloat,optional
datatype mismatch,water,measured,silicate,51,Expected 12-2024,\,/github/workspace/logsheets/filtered/water_measured.csv,XSDFloat,optional
datatype mismatch,water,measured,silicate,52,Expected 12-2024,\,/github/workspace/logsheets/filtered/water_measured.csv,XSDFloat,optional
datatype mismatch,water,measured,silicate,53,Expected 12-2024,\,/github/workspace/logsheets/filtered/water_measured.csv,XSDFloat,optional
datatype mismatch,water,measured,silicate,54,Expected 12-2024,\,/github/workspace/logsheets/filtered/water_measured.csv,XSDFloat,optional
datatype mismatch,water,measured,silicate,56,Expected 12-2024,\,/github/workspace/logsheets/filtered/water_measured.csv,XSDFloat,optional
datatype mismatch,water,measured,silicate,57,Expected 12-2024,\,/github/workspace/logsheets/filtered/water_measured.csv,XSDFloat,optional
datatype mismatch,water,measured,silicate,58,Expected 12-2024,\,/github/workspace/logsheets/filtered/water_measured.csv,XSDFloat,optional
datatype mismatch,water,measured,silicate,59,Expected 12-2024,\,/github/workspace/logsheets/filtered/water_measured.csv,XSDFloat,optional
datatype mismatch,water,measured,silicate,101,Expected 2024-12-31,\,/github/workspace/logsheets/filtered/water_measured.csv,XSDFloat,optional
datatype mismatch,water,measured,silicate,102,Expected 2024-12-31,\,/github/workspace/logsheets/filtered/water_measured.csv,XSDFloat,optional
datatype mismatch,water,measured,silicate,103,Expected 2024-12-31,\,/github/workspace/logsheets/filtered/water_measured.csv,XSDFloat,optional
datatype mismatch,water,measured,silicate,104,Expected 2024-12-31,\,/github/workspace/logsheets/filtered/water_measured.csv,XSDFloat,optional
datatype mismatch,water,measured,silicate,106,Expected 2024-12-31,\,/github/workspace/logsheets/filtered/water_measured.csv,XSDFloat,optional
datatype mismatch,water,measured,silicate,107,Expected 2024-12-31,\,/github/workspace/logsheets/filtered/water_measured.csv,XSDFloat,optional
datatype mismatch,water,measured,silicate,108,Expected 2024-12-31,\,/github/workspace/logsheets/filtered/water_measured.csv,XSDFloat,optional
datatype mismatch,water,measured,silicate,109,Expected 2024-12-31,\,/github/workspace/logsheets/filtered/water_measured.csv,XSDFloat,optional
datatype mismatch,water,measured,silicate,111,Expected 2024-12-31,\,/github/workspace/logsheets/filtered/water_measured.csv,XSDFloat,optional
datatype mismatch,water,measured,silicate,112,Expected 2024-12-31,\,/github/workspace/logsheets/filtered/water_measured.csv,XSDFloat,optional
datatype mismatch,water,measured,silicate,113,Expected 2024-12-31,\,/github/workspace/logsheets/filtered/water_measured.csv,XSDFloat,optional
datatype mismatch,water,measured,silicate,114,Expected 2024-12-31,\,/github/workspace/logsheets/filtered/water_measured.csv,XSDFloat,optional
datatype mismatch,water,measured,silicate,116,Expected 2024-12-31,\,/github/workspace/logsheets/filtered/water_measured.csv,XSDFloat,optional
datatype mismatch,water,measured,silicate,117,Expected 2024-12-31,\,/github/workspace/logsheets/filtered/water_measured.csv,XSDFloat,optional
datatype mismatch,water,measured,silicate,118,Expected 2024-12-31,\,/github/workspace/logsheets/filtered/water_measured.csv,XSDFloat,optional
datatype mismatch,water,measured,silicate,119,Expected 2024-12-31,\,/github/workspace/logsheets/filtered/water_measured.csv,XSDFloat,optional
missing value,water,sampling,ENA_accession_number_sample,1,<empty>,\,/github/workspace/logsheets/filtered/water_sampling.csv,XSDAnyURI,mandatory
missing value,water,sampling,ENA_accession_number_sample,2,<empty>,\,/github/workspace/logsheets/filtered/water_sampling.csv,XSDAnyURI,mandatory
missing value,water,sampling,ENA_accession_number_sample,6,<empty>,\,/github/workspace/logsheets/filtered/water_sampling.csv,XSDAnyURI,mandatory
missing value,water,sampling,ENA_accession_number_sample,7,<empty>,\,/github/workspace/logsheets/filtered/water_sampling.csv,XSDAnyURI,mandatory
missing value,water,sampling,ENA_accession_number_sample,21,<empty>,\,/github/workspace/logsheets/filtered/water_sampling.csv,XSDAnyURI,mandatory
missing value,water,sampling,ENA_accession_number_sample,22,<empty>,\,/github/workspace/logsheets/filtered/water_sampling.csv,XSDAnyURI,mandatory
missing value,water,sampling,ENA_accession_number_sample,26,<empty>,\,/github/workspace/logsheets/filtered/water_sampling.csv,XSDAnyURI,mandatory
missing value,water,sampling,ENA_accession_number_sample,27,<empty>,\,/github/workspace/logsheets/filtered/water_sampling.csv,XSDAnyURI,mandatory
missing value,water,sampling,ENA_accession_number_sample,41,<empty>,\,/github/workspace/logsheets/filtered/water_sampling.csv,XSDAnyURI,mandatory
missing value,water,sampling,ENA_accession_number_sample,42,<empty>,\,/github/workspace/logsheets/filtered/water_sampling.csv,XSDAnyURI,mandatory
missing value,water,sampling,ENA_accession_number_sample,45,<empty>,\,/github/workspace/logsheets/filtered/water_sampling.csv,XSDAnyURI,mandatory
missing value,water,sampling,ENA_accession_number_sample,46,<empty>,\,/github/workspace/logsheets/filtered/water_sampling.csv,XSDAnyURI,mandatory
missing value,water,sampling,ENA_accession_number_sample,47,<empty>,\,/github/workspace/logsheets/filtered/water_sampling.csv,XSDAnyURI,mandatory
missing value,water,sampling,ENA_accession_number_sample,50,<empty>,\,/github/workspace/logsheets/filtered/water_sampling.csv,XSDAnyURI,mandatory
missing value,water,sampling,ENA_accession_number_sample,61,<empty>,\,/github/workspace/logsheets/filtered/water_sampling.csv,XSDAnyURI,mandatory
missing value,water,sampling,ENA_accession_number_sample,62,<empty>,\,/github/workspace/logsheets/filtered/water_sampling.csv,XSDAnyURI,mandatory
missing value,water,sampling,ENA_accession_number_sample,66,<empty>,\,/github/workspace/logsheets/filtered/water_sampling.csv,XSDAnyURI,mandatory
missing value,water,sampling,ENA_accession_number_sample,67,<empty>,\,/github/workspace/logsheets/filtered/water_sampling.csv,XSDAnyURI,mandatory
missing value,water,sampling,ENA_accession_number_sample,81,<empty>,\,/github/workspace/logsheets/filtered/water_sampling.csv,XSDAnyURI,mandatory
missing value,water,sampling,ENA_accession_number_sample,82,<empty>,\,/github/workspace/logsheets/filtered/water_sampling.csv,XSDAnyURI,mandatory
missing value,water,sampling,ENA_accession_number_sample,86,<empty>,\,/github/workspace/logsheets/filtered/water_sampling.csv,XSDAnyURI,mandatory
missing value,water,sampling,ENA_accession_number_sample,87,<empty>,\,/github/workspace/logsheets/filtered/water_sampling.csv,XSDAnyURI,mandatory
missing value,water,sampling,ENA_accession_number_sample,101,<empty>,\,/github/workspace/logsheets/filtered/water_sampling.csv,XSDAnyURI,mandatory
missing value,water,sampling,ENA_accession_number_sample,102,<empty>,\,/github/workspace/logsheets/filtered/water_sampling.csv,XSDAnyURI,mandatory
missing value,water,sampling,ENA_accession_number_sample,106,<empty>,\,/github/workspace/logsheets/filtered/water_sampling.csv,XSDAnyURI,mandatory
missing value,water,sampling,ENA_accession_number_sample,107,<empty>,\,/github/workspace/logsheets/filtered/water_sampling.csv,XSDAnyURI,mandatory
missing value,water,sampling,ENA_accession_number_sample,111,<empty>,\,/github/workspace/logsheets/filtered/water_sampling.csv,XSDAnyURI,mandatory
missing value,water,sampling,ENA_accession_number_sample,112,<empty>,\,/github/workspace/logsheets/filtered/water_sampling.csv,XSDAnyURI,mandatory
missing value,water,sampling,ENA_accession_number_sample,113,<empty>,\,/github/workspace/logsheets/filtered/water_sampling.csv,XSDAnyURI,mandatory
missing value,water,sampling,ENA_accession_number_sample,114,<empty>,\,/github/workspace/logsheets/filtered/water_sampling.csv,XSDAnyURI,mandatory
missing value,water,sampling,ENA_accession_number_sample,115,<empty>,\,/github/workspace/logsheets/filtered/water_sampling.csv,XSDAnyURI,mandatory
missing value,water,sampling,ENA_accession_number_sample,116,<empty>,\,/github/workspace/logsheets/filtered/water_sampling.csv,XSDAnyURI,mandatory
missing value,water,sampling,ENA_accession_number_sample,117,<empty>,\,/github/workspace/logsheets/filtered/water_sampling.csv,XSDAnyURI,mandatory
missing value,water,sampling,ENA_accession_number_sample,118,<empty>,\,/github/workspace/logsheets/filtered/water_sampling.csv,XSDAnyURI,mandatory
missing value,water,sampling,ENA_accession_number_sample,119,<empty>,\,/github/workspace/logsheets/filtered/water_sampling.csv,XSDAnyURI,mandatory
missing value,water,sampling,ENA_accession_number_sample,120,<empty>,\,/github/workspace/logsheets/filtered/water_sampling.csv,XSDAnyURI,mandatory
missing value,water,sampling,ENA_accession_number_sample,121,<empty>,\,/github/workspace/logsheets/filtered/water_sampling.csv,XSDAnyURI,mandatory
missing value,water,sampling,ENA_accession_number_sample,122,<empty>,\,/github/workspace/logsheets/filtered/water_sampling.csv,XSDAnyURI,mandatory
missing value,water,sampling,ENA_accession_number_sample,126,<empty>,\,/github/workspace/logsheets/filtered/water_sampling.csv,XSDAnyURI,mandatory
missing value,water,sampling,ENA_accession_number_sample,127,<empty>,\,/github/workspace/logsheets/filtered/water_sampling.csv,XSDAnyURI,mandatory
missing value,water,sampling,ENA_accession_number_sample,141,<empty>,\,/github/workspace/logsheets/filtered/water_sampling.csv,XSDAnyURI,mandatory
missing value,water,sampling,ENA_accession_number_sample,142,<empty>,\,/github/workspace/logsheets/filtered/water_sampling.csv,XSDAnyURI,mandatory
missing value,water,sampling,ENA_accession_number_sample,146,<empty>,\,/github/workspace/logsheets/filtered/water_sampling.csv,XSDAnyURI,mandatory
missing value,water,sampling,ENA_accession_number_sample,147,<empty>,\,/github/workspace/logsheets/filtered/water_sampling.csv,XSDAnyURI,mandatory
missing value,water,sampling,ENA_accession_number_sample,161,<empty>,\,/github/workspace/logsheets/filtered/water_sampling.csv,XSDAnyURI,mandatory
missing value,water,sampling,ENA_accession_number_sample,162,<empty>,\,/github/workspace/logsheets/filtered/water_sampling.csv,XSDAnyURI,mandatory
missing value,water,sampling,ENA_accession_number_sample,166,<empty>,\,/github/workspace/logsheets/filtered/water_sampling.csv,XSDAnyURI,mandatory
missing value,water,sampling,ENA_accession_number_sample,167,<empty>,\,/github/workspace/logsheets/filtered/water_sampling.csv,XSDAnyURI,mandatory
missing value,water,sampling,ENA_accession_number_sample,181,<empty>,\,/github/workspace/logsheets/filtered/water_sampling.csv,XSDAnyURI,mandatory
missing value,water,sampling,ENA_accession_number_sample,182,<empty>,\,/github/workspace/logsheets/filtered/water_sampling.csv,XSDAnyURI,mandatory
missing value,water,sampling,ENA_accession_number_sample,186,<empty>,\,/github/workspace/logsheets/filtered/water_sampling.csv,XSDAnyURI,mandatory
missing value,water,sampling,ENA_accession_number_sample,187,<empty>,\,/github/workspace/logsheets/filtered/water_sampling.csv,XSDAnyURI,mandatory
missing value,water,sampling,ENA_accession_number_sample,201,<empty>,\,/github/workspace/logsheets/filtered/water_sampling.csv,XSDAnyURI,mandatory
missing value,water,sampling,ENA_accession_number_sample,202,<empty>,\,/github/workspace/logsheets/filtered/water_sampling.csv,XSDAnyURI,mandatory
missing value,water,sampling,ENA_accession_number_sample,206,<empty>,\,/github/workspace/logsheets/filtered/water_sampling.csv,XSDAnyURI,mandatory
missing value,water,sampling,ENA_accession_number_sample,207,<empty>,\,/github/workspace/logsheets/filtered/water_sampling.csv,XSDAnyURI,mandatory
missing value,water,sampling,ENA_accession_number_sample,221,<empty>,\,/github/workspace/logsheets/filtered/water_sampling.csv,XSDAnyURI,mandatory
missing value,water,sampling,ENA_accession_number_sample,222,<empty>,\,/github/workspace/logsheets/filtered/water_sampling.csv,XSDAnyURI,mandatory
missing value,water,sampling,ENA_accession_number_sample,225,<empty>,\,/github/workspace/logsheets/filtered/water_sampling.csv,XSDAnyURI,mandatory
missing value,water,sampling,ENA_accession_number_sample,226,<empty>,\,/github/workspace/logsheets/filtered/water_sampling.csv,XSDAnyURI,mandatory
missing value,water,sampling,ENA_accession_number_sample,227,<empty>,\,/github/workspace/logsheets/filtered/water_sampling.csv,XSDAnyURI,mandatory
missing value,water,sampling,ENA_accession_number_sample,230,<empty>,\,/github/workspace/logsheets/filtered/water_sampling.csv,XSDAnyURI,mandatory
missing value,water,sampling,ENA_accession_number_sample,241,<empty>,\,/github/workspace/logsheets/filtered/water_sampling.csv,XSDAnyURI,mandatory
missing value,water,sampling,ENA_accession_number_sample,242,<empty>,\,/github/workspace/logsheets/filtered/water_sampling.csv,XSDAnyURI,mandatory
missing value,water,sampling,ENA_accession_number_sample,246,<empty>,\,/github/workspace/logsheets/filtered/water_sampling.csv,XSDAnyURI,mandatory
missing value,water,sampling,ENA_accession_number_sample,247,<empty>,\,/github/workspace/logsheets/filtered/water_sampling.csv,XSDAnyURI,mandatory
missing value,water,sampling,arr_date_seq,161,<empty>,\,/github/workspace/logsheets/filtered/water_sampling.csv,XSDDate,mandatory
missing value,water,sampling,arr_date_seq,162,<empty>,\,/github/workspace/logsheets/filtered/water_sampling.csv,XSDDate,mandatory
missing value,water,sampling,arr_date_seq,166,<empty>,\,/github/workspace/logsheets/filtered/water_sampling.csv,XSDDate,mandatory
missing value,water,sampling,arr_date_seq,167,<empty>,\,/github/workspace/logsheets/filtered/water_sampling.csv,XSDDate,mandatory
missing value,water,sampling,arr_date_seq,181,<empty>,\,/github/workspace/logsheets/filtered/water_sampling.csv,XSDDate,mandatory
missing value,water,sampling,arr_date_seq,182,<empty>,\,/github/workspace/logsheets/filtered/water_sampling.csv,XSDDate,mandatory
missing value,water,sampling,arr_date_seq,186,<empty>,\,/github/workspace/logsheets/filtered/water_sampling.csv,XSDDate,mandatory
missing value,water,sampling,arr_date_seq,187,<empty>,\,/github/workspace/logsheets/filtered/water_sampling.csv,XSDDate,mandatory
missing value,water,sampling,arr_date_seq,201,<empty>,\,/github/workspace/logsheets/filtered/water_sampling.csv,XSDDate,mandatory
missing value,water,sampling,arr_date_seq,202,<empty>,\,/github/workspace/logsheets/filtered/water_sampling.csv,XSDDate,mandatory
missing value,water,sampling,arr_date_seq,206,<empty>,\,/github/workspace/logsheets/filtered/water_sampling.csv,XSDDate,mandatory
missing value,water,sampling,arr_date_seq,207,<empty>,\,/github/workspace/logsheets/filtered/water_sampling.csv,XSDDate,mandatory
missing value,water,sampling,arr_date_seq,221,<empty>,\,/github/workspace/logsheets/filtered/water_sampling.csv,XSDDate,mandatory
missing value,water,sampling,arr_date_seq,222,<empty>,\,/github/workspace/logsheets/filtered/water_sampling.csv,XSDDate,mandatory
missing value,water,sampling,arr_date_seq,225,<empty>,\,/github/workspace/logsheets/filtered/water_sampling.csv,XSDDate,mandatory
missing value,water,sampling,arr_date_seq,226,<empty>,\,/github/workspace/logsheets/filtered/water_sampling.csv,XSDDate,mandatory
missing value,water,sampling,arr_date_seq,227,<empty>,\,/github/workspace/logsheets/filtered/water_sampling.csv,XSDDate,mandatory
missing value,water,sampling,arr_date_seq,230,<empty>,\,/github/workspace/logsheets/filtered/water_sampling.csv,XSDDate,mandatory
missing value,water,sampling,arr_date_seq,241,<empty>,\,/github/workspace/logsheets/filtered/water_sampling.csv,XSDDate,mandatory
missing value,water,sampling,arr_date_seq,242,<empty>,\,/github/workspace/logsheets/filtered/water_sampling.csv,XSDDate,mandatory
missing value,water,sampling,arr_date_seq,246,<empty>,\,/github/workspace/logsheets/filtered/water_sampling.csv,XSDDate,mandatory
missing value,water,sampling,arr_date_seq,247,<empty>,\,/github/workspace/logsheets/filtered/water_sampling.csv,XSDDate,mandatory
missing value,water,sampling,ship_date_seq,161,<empty>,\,/github/workspace/logsheets/filtered/water_sampling.csv,XSDDate,mandatory
missing value,water,sampling,ship_date_seq,162,<empty>,\,/github/workspace/logsheets/filtered/water_sampling.csv,XSDDate,mandatory
missing value,water,sampling,ship_date_seq,166,<empty>,\,/github/workspace/logsheets/filtered/water_sampling.csv,XSDDate,mandatory
missing value,water,sampling,ship_date_seq,167,<empty>,\,/github/workspace/logsheets/filtered/water_sampling.csv,XSDDate,mandatory
missing value,water,sampling,ship_date_seq,181,<empty>,\,/github/workspace/logsheets/filtered/water_sampling.csv,XSDDate,mandatory
missing value,water,sampling,ship_date_seq,182,<empty>,\,/github/workspace/logsheets/filtered/water_sampling.csv,XSDDate,mandatory
missing value,water,sampling,ship_date_seq,186,<empty>,\,/github/workspace/logsheets/filtered/water_sampling.csv,XSDDate,mandatory
missing value,water,sampling,ship_date_seq,187,<empty>,\,/github/workspace/logsheets/filtered/water_sampling.csv,XSDDate,mandatory
missing value,water,sampling,ship_date_seq,201,<empty>,\,/github/workspace/logsheets/filtered/water_sampling.csv,XSDDate,mandatory
missing value,water,sampling,ship_date_seq,202,<empty>,\,/github/workspace/logsheets/filtered/water_sampling.csv,XSDDate,mandatory
missing value,water,sampling,ship_date_seq,206,<empty>,\,/github/workspace/logsheets/filtered/water_sampling.csv,XSDDate,mandatory
missing value,water,sampling,ship_date_seq,207,<empty>,\,/github/workspace/logsheets/filtered/water_sampling.csv,XSDDate,mandatory
missing value,water,sampling,ship_date_seq,221,<empty>,\,/github/workspace/logsheets/filtered/water_sampling.csv,XSDDate,mandatory
missing value,water,sampling,ship_date_seq,222,<empty>,\,/github/workspace/logsheets/filtered/water_sampling.csv,XSDDate,mandatory
missing value,water,sampling,ship_date_seq,225,<empty>,\,/github/workspace/logsheets/filtered/water_sampling.csv,XSDDate,mandatory
missing value,water,sampling,ship_date_seq,226,<empty>,\,/github/workspace/logsheets/filtered/water_sampling.csv,XSDDate,mandatory
missing value,water,sampling,ship_date_seq,227,<empty>,\,/github/workspace/logsheets/filtered/water_sampling.csv,XSDDate,mandatory
missing value,water,sampling,ship_date_seq,230,<empty>,\,/github/workspace/logsheets/filtered/water_sampling.csv,XSDDate,mandatory
missing value,water,sampling,ship_date_seq,241,<empty>,\,/github/workspace/logsheets/filtered/water_sampling.csv,XSDDate,mandatory
missing value,water,sampling,ship_date_seq,242,<empty>,\,/github/workspace/logsheets/filtered/water_sampling.csv,XSDDate,mandatory
missing value,water,sampling,ship_date_seq,246,<empty>,\,/github/workspace/logsheets/filtered/water_sampling.csv,XSDDate,mandatory
missing value,water,sampling,ship_date_seq,247,<empty>,\,/github/workspace/logsheets/filtered/water_sampling.csv,XSDDate,mandatory
missing value,water,sampling,failure,81,<empty>,\,/github/workspace/logsheets/filtered/water_sampling.csv,XSDBoolean,mandatory
missing value,water,sampling,failure,82,<empty>,\,/github/workspace/logsheets/filtered/water_sampling.csv,XSDBoolean,mandatory
missing value,water,sampling,failure,86,<empty>,\,/github/workspace/logsheets/filtered/water_sampling.csv,XSDBoolean,mandatory
missing value,water,sampling,failure,87,<empty>,\,/github/workspace/logsheets/filtered/water_sampling.csv,XSDBoolean,mandatory
missing value,water,sampling,failure,101,<empty>,\,/github/workspace/logsheets/filtered/water_sampling.csv,XSDBoolean,mandatory
missing value,water,sampling,failure,102,<empty>,\,/github/workspace/logsheets/filtered/water_sampling.csv,XSDBoolean,mandatory
missing value,water,sampling,failure,106,<empty>,\,/github/workspace/logsheets/filtered/water_sampling.csv,XSDBoolean,mandatory
missing value,water,sampling,failure,107,<empty>,\,/github/workspace/logsheets/filtered/water_sampling.csv,XSDBoolean,mandatory
missing value,water,sampling,failure,121,<empty>,\,/github/workspace/logsheets/filtered/water_sampling.csv,XSDBoolean,mandatory
missing value,water,sampling,failure,122,<empty>,\,/github/workspace/logsheets/filtered/water_sampling.csv,XSDBoolean,mandatory
missing value,water,sampling,failure,126,<empty>,\,/github/workspace/logsheets/filtered/water_sampling.csv,XSDBoolean,mandatory
missing value,water,sampling,failure,127,<empty>,\,/github/workspace/logsheets/filtered/water_sampling.csv,XSDBoolean,mandatory
missing value,water,sampling,failure,141,<empty>,\,/github/workspace/logsheets/filtered/water_sampling.csv,XSDBoolean,mandatory
missing value,water,sampling,failure,142,<empty>,\,/github/workspace/logsheets/filtered/water_sampling.csv,XSDBoolean,mandatory
missing value,water,sampling,failure,146,<empty>,\,/github/workspace/logsheets/filtered/water_sampling.csv,XSDBoolean,mandatory
missing value,water,sampling,failure,147,<empty>,\,/github/workspace/logsheets/filtered/water_sampling.csv,XSDBoolean,mandatory
missing value,water,sampling,failure,161,<empty>,\,/github/workspace/logsheets/filtered/water_sampling.csv,XSDBoolean,mandatory
missing value,water,sampling,failure,162,<empty>,\,/github/workspace/logsheets/filtered/water_sampling.csv,XSDBoolean,mandatory
missing value,water,sampling,failure,166,<empty>,\,/github/workspace/logsheets/filtered/water_sampling.csv,XSDBoolean,mandatory
missing value,water,sampling,failure,167,<empty>,\,/github/workspace/logsheets/filtered/water_sampling.csv,XSDBoolean,mandatory
missing value,water,sampling,failure,181,<empty>,\,/github/workspace/logsheets/filtered/water_sampling.csv,XSDBoolean,mandatory
missing value,water,sampling,failure,182,<empty>,\,/github/workspace/logsheets/filtered/water_sampling.csv,XSDBoolean,mandatory
missing value,water,sampling,failure,186,<empty>,\,/github/workspace/logsheets/filtered/water_sampling.csv,XSDBoolean,mandatory
missing value,water,sampling,failure,187,<empty>,\,/github/workspace/logsheets/filtered/water_sampling.csv,XSDBoolean,mandatory
missing value,water,sampling,failure,201,<empty>,\,/github/workspace/logsheets/filtered/water_sampling.csv,XSDBoolean,mandatory
missing value,water,sampling,failure,202,<empty>,\,/github/workspace/logsheets/filtered/water_sampling.csv,XSDBoolean,mandatory
missing value,water,sampling,failure,206,<empty>,\,/github/workspace/logsheets/filtered/water_sampling.csv,XSDBoolean,mandatory
missing value,water,sampling,failure,207,<empty>,\,/github/workspace/logsheets/filtered/water_sampling.csv,XSDBoolean,mandatory
missing value,water,sampling,failure,221,<empty>,\,/github/workspace/logsheets/filtered/water_sampling.csv,XSDBoolean,mandatory
missing value,water,sampling,failure,222,<empty>,\,/github/workspace/logsheets/filtered/water_sampling.csv,XSDBoolean,mandatory
missing value,water,sampling,failure,225,<empty>,\,/github/workspace/logsheets/filtered/water_sampling.csv,XSDBoolean,mandatory
missing value,water,sampling,failure,226,<empty>,\,/github/workspace/logsheets/filtered/water_sampling.csv,XSDBoolean,mandatory
missing value,water,sampling,failure,227,<empty>,\,/github/workspace/logsheets/filtered/water_sampling.csv,XSDBoolean,mandatory
missing value,water,sampling,failure,230,<empty>,\,/github/workspace/logsheets/filtered/water_sampling.csv,XSDBoolean,mandatory
missing value,water,sampling,failure,241,<empty>,\,/github/workspace/logsheets/filtered/water_sampling.csv,XSDBoolean,mandatory
missing value,water,sampling,failure,242,<empty>,\,/github/workspace/logsheets/filtered/water_sampling.csv,XSDBoolean,mandatory
missing value,water,sampling,failure,246,<empty>,\,/github/workspace/logsheets/filtered/water_sampling.csv,XSDBoolean,mandatory
missing value,water,sampling,failure,247,<empty>,\,/github/workspace/logsheets/filtered/water_sampling.csv,XSDBoolean,mandatory
missing value,water,sampling,samp_store_date,65,<empty>,\,/github/workspace/logsheets/filtered/water_sampling.csv,XSDDate,mandatory
missing value,water,sampling,failure_comment,81,<empty>,\,/github/workspace/logsheets/filtered/water_sampling.csv,XSDString,mandatory
missing value,water,sampling,failure_comment,82,<empty>,\,/github/workspace/logsheets/filtered/water_sampling.csv,XSDString,mandatory
missing value,water,sampling,failure_comment,86,<empty>,\,/github/workspace/logsheets/filtered/water_sampling.csv,XSDString,mandatory
missing value,water,sampling,failure_comment,87,<empty>,\,/github/workspace/logsheets/filtered/water_sampling.csv,XSDString,mandatory
missing value,water,sampling,failure_comment,101,<empty>,\,/github/workspace/logsheets/filtered/water_sampling.csv,XSDString,mandatory
missing value,water,sampling,failure_comment,102,<empty>,\,/github/workspace/logsheets/filtered/water_sampling.csv,XSDString,mandatory
missing value,water,sampling,failure_comment,106,<empty>,\,/github/workspace/logsheets/filtered/water_sampling.csv,XSDString,mandatory
missing value,water,sampling,failure_comment,107,<empty>,\,/github/workspace/logsheets/filtered/water_sampling.csv,XSDString,mandatory
missing value,water,sampling,failure_comment,121,<empty>,\,/github/workspace/logsheets/filtered/water_sampling.csv,XSDString,mandatory
missing value,water,sampling,failure_comment,122,<empty>,\,/github/workspace/logsheets/filtered/water_sampling.csv,XSDString,mandatory
missing value,water,sampling,failure_comment,126,<empty>,\,/github/workspace/logsheets/filtered/water_sampling.csv,XSDString,mandatory
missing value,water,sampling,failure_comment,127,<empty>,\,/github/workspace/logsheets/filtered/water_sampling.csv,XSDString,mandatory
missing value,water,sampling,failure_comment,141,<empty>,\,/github/workspace/logsheets/filtered/water_sampling.csv,XSDString,mandatory
missing value,water,sampling,failure_comment,142,<empty>,\,/github/workspace/logsheets/filtered/water_sampling.csv,XSDString,mandatory
missing value,water,sampling,failure_comment,146,<empty>,\,/github/workspace/logsheets/filtered/water_sampling.csv,XSDString,mandatory
missing value,water,sampling,failure_comment,147,<empty>,\,/github/workspace/logsheets/filtered/water_sampling.csv,XSDString,mandatory
missing value,water,sampling,failure_comment,161,<empty>,\,/github/workspace/logsheets/filtered/water_sampling.csv,XSDString,mandatory
missing value,water,sampling,failure_comment,162,<empty>,\,/github/workspace/logsheets/filtered/water_sampling.csv,XSDString,mandatory
missing value,water,sampling,failure_comment,166,<empty>,\,/github/workspace/logsheets/filtered/water_sampling.csv,XSDString,mandatory
missing value,water,sampling,failure_comment,167,<empty>,\,/github/workspace/logsheets/filtered/water_sampling.csv,XSDString,mandatory
missing value,water,sampling,failure_comment,181,<empty>,\,/github/workspace/logsheets/filtered/water_sampling.csv,XSDString,mandatory
missing value,water,sampling,failure_comment,182,<empty>,\,/github/workspace/logsheets/filtered/water_sampling.csv,XSDString,mandatory
missing value,water,sampling,failure_comment,186,<empty>,\,/github/workspace/logsheets/filtered/water_sampling.csv,XSDString,mandatory
missing value,water,sampling,failure_comment,187,<empty>,\,/github/workspace/logsheets/filtered/water_sampling.csv,XSDString,mandatory
missing value,water,sampling,failure_comment,201,<empty>,\,/github/workspace/logsheets/filtered/water_sampling.csv,XSDString,mandatory
missing value,water,sampling,failure_comment,202,<empty>,\,/github/workspace/logsheets/filtered/water_sampling.csv,XSDString,mandatory
missing value,water,sampling,failure_comment,206,<empty>,\,/github/workspace/logsheets/filtered/water_sampling.csv,XSDString,mandatory
missing value,water,sampling,failure_comment,207,<empty>,\,/github/workspace/logsheets/filtered/water_sampling.csv,XSDString,mandatory
missing value,water,sampling,failure_comment,221,<empty>,\,/github/workspace/logsheets/filtered/water_sampling.csv,XSDString,mandatory
missing value,water,sampling,failure_comment,222,<empty>,\,/github/workspace/logsheets/filtered/water_sampling.csv,XSDString,mandatory
missing value,water,sampling,failure_comment,225,<empty>,\,/github/workspace/logsheets/filtered/water_sampling.csv,XSDString,mandatory
missing value,water,sampling,failure_comment,226,<empty>,\,/github/workspace/logsheets/filtered/water_sampling.csv,XSDString,mandatory
missing value,water,sampling,failure_comment,227,<empty>,\,/github/workspace/logsheets/filtered/water_sampling.csv,XSDString,mandatory
missing value,water,sampling,failure_comment,230,<empty>,\,/github/workspace/logsheets/filtered/water_sampling.csv,XSDString,mandatory
missing value,water,sampling,failure_comment,241,<empty>,\,/github/workspace/logsheets/filtered/water_sampling.csv,XSDString,mandatory
missing value,water,sampling,failure_comment,242,<empty>,\,/github/workspace/logsheets/filtered/water_sampling.csv,XSDString,mandatory
missing value,water,sampling,failure_comment,246,<empty>,\,/github/workspace/logsheets/filtered/water_sampling.csv,XSDString,mandatory
missing value,water,sampling,failure_comment,247,<empty>,\,/github/workspace/logsheets/filtered/water_sampling.csv,XSDString,mandatory
